date,city,precipitation,day_of_year,month,any_precipitation
2018-01-01,Seattle,0.0,1,1,False
2018-01-02,Seattle,0.0,2,1,False
2018-01-03,Seattle,0.0,3,1,False
2018-01-04,Seattle,0.13,4,1,True
2018-01-05,Seattle,0.51,5,1,True
2018-01-06,Seattle,0.17,6,1,True
2018-01-07,Seattle,0.33,7,1,True
2018-01-08,Seattle,0.16,8,1,True
2018-01-09,Seattle,0.18,9,1,True
2018-01-10,Seattle,0.17,10,1,True
2018-01-11,Seattle,1.12,11,1,True
2018-01-12,Seattle,0.1,12,1,True
2018-01-13,Seattle,0.01,13,1,True
2018-01-14,Seattle,0.0,14,1,False
2018-01-15,Seattle,0.06,15,1,True
2018-01-16,Seattle,0.19,16,1,True
2018-01-17,Seattle,0.43,17,1,True
2018-01-18,Seattle,0.4,18,1,True
2018-01-19,Seattle,0.03,19,1,True
2018-01-20,Seattle,0.08,20,1,True
2018-01-21,Seattle,0.11,21,1,True
2018-01-22,Seattle,0.36,22,1,True
2018-01-23,Seattle,0.88,23,1,True
2018-01-24,Seattle,0.44,24,1,True
2018-01-25,Seattle,0.15,25,1,True
2018-01-26,Seattle,0.41,26,1,True
2018-01-27,Seattle,0.55,27,1,True
2018-01-28,Seattle,0.06,28,1,True
2018-01-29,Seattle,1.09,29,1,True
2018-01-30,Seattle,0.0,30,1,False
2018-01-31,Seattle,0.0,31,1,False
2018-02-01,Seattle,0.57,32,2,True
2018-02-02,Seattle,0.08,33,2,True
2018-02-03,Seattle,0.14,34,2,True
2018-02-04,Seattle,0.01,35,2,True
2018-02-05,Seattle,0.03,36,2,True
2018-02-06,Seattle,0.05,37,2,True
2018-02-07,Seattle,0.0,38,2,False
2018-02-08,Seattle,0.05,39,2,True
2018-02-09,Seattle,0.0,40,2,False
2018-02-10,Seattle,0.0,41,2,False
2018-02-11,Seattle,0.0,42,2,False
2018-02-12,Seattle,0.0,43,2,False
2018-02-13,Seattle,0.14,44,2,True
2018-02-14,Seattle,0.1,45,2,True
2018-02-15,Seattle,0.01,46,2,True
2018-02-16,Seattle,0.11,47,2,True
2018-02-17,Seattle,0.3,48,2,True
2018-02-18,Seattle,0.06,49,2,True
2018-02-19,Seattle,0.0,50,2,False
2018-02-20,Seattle,0.0,51,2,False
2018-02-21,Seattle,0.06,52,2,True
2018-02-22,Seattle,0.0,53,2,False
2018-02-23,Seattle,0.03,54,2,True
2018-02-24,Seattle,0.06,55,2,True
2018-02-25,Seattle,0.2,56,2,True
2018-02-26,Seattle,0.0,57,2,False
2018-02-27,Seattle,0.01,58,2,True
2018-02-28,Seattle,0.15,59,2,True
2018-03-01,Seattle,0.03,60,3,True
2018-03-02,Seattle,0.18,61,3,True
2018-03-03,Seattle,0.0,62,3,False
2018-03-04,Seattle,0.13,63,3,True
2018-03-05,Seattle,0.0,64,3,False
2018-03-06,Seattle,0.0,65,3,False
2018-03-07,Seattle,0.04,66,3,True
2018-03-08,Seattle,0.35,67,3,True
2018-03-09,Seattle,0.0,68,3,False
2018-03-10,Seattle,0.0,69,3,False
2018-03-11,Seattle,0.0,70,3,False
2018-03-12,Seattle,0.0,71,3,False
2018-03-13,Seattle,0.27,72,3,True
2018-03-14,Seattle,0.03,73,3,True
2018-03-15,Seattle,0.0,74,3,False
2018-03-16,Seattle,0.0,75,3,False
2018-03-17,Seattle,0.0,76,3,False
2018-03-18,Seattle,0.0,77,3,False
2018-03-19,Seattle,0.0,78,3,False
2018-03-20,Seattle,0.0,79,3,False
2018-03-21,Seattle,0.1,80,3,True
2018-03-22,Seattle,0.46,81,3,True
2018-03-23,Seattle,0.35,82,3,True
2018-03-24,Seattle,0.23,83,3,True
2018-03-25,Seattle,0.04,84,3,True
2018-03-26,Seattle,0.15,85,3,True
2018-03-27,Seattle,0.08,86,3,True
2018-03-28,Seattle,0.0,87,3,False
2018-03-29,Seattle,0.0,88,3,False
2018-03-30,Seattle,0.0,89,3,False
2018-03-31,Seattle,0.0,90,3,False
2018-04-01,Seattle,0.0,91,4,False
2018-04-02,Seattle,0.0,92,4,False
2018-04-03,Seattle,0.0,93,4,False
2018-04-04,Seattle,0.29,94,4,True
2018-04-05,Seattle,0.21,95,4,True
2018-04-06,Seattle,0.05,96,4,True
2018-04-07,Seattle,0.82,97,4,True
2018-04-08,Seattle,0.39,98,4,True
2018-04-09,Seattle,0.0,99,4,False
2018-04-10,Seattle,0.18,100,4,True
2018-04-11,Seattle,0.21,101,4,True
2018-04-12,Seattle,0.11,102,4,True
2018-04-13,Seattle,0.66,103,4,True
2018-04-14,Seattle,1.7,104,4,True
2018-04-15,Seattle,0.12,105,4,True
2018-04-16,Seattle,0.59,106,4,True
2018-04-17,Seattle,0.01,107,4,True
2018-04-18,Seattle,0.0,108,4,False
2018-04-19,Seattle,0.0,109,4,False
2018-04-20,Seattle,0.0,110,4,False
2018-04-21,Seattle,0.03,111,4,True
2018-04-22,Seattle,0.0,112,4,False
2018-04-23,Seattle,0.0,113,4,False
2018-04-24,Seattle,0.0,114,4,False
2018-04-25,Seattle,0.0,115,4,False
2018-04-26,Seattle,0.0,116,4,False
2018-04-27,Seattle,0.01,117,4,True
2018-04-28,Seattle,0.31,118,4,True
2018-04-29,Seattle,0.0,119,4,False
2018-04-30,Seattle,0.0,120,4,False
2018-05-01,Seattle,0.0,121,5,False
2018-05-02,Seattle,0.0,122,5,False
2018-05-03,Seattle,0.0,123,5,False
2018-05-04,Seattle,0.0,124,5,False
2018-05-05,Seattle,0.01,125,5,True
2018-05-06,Seattle,0.0,126,5,False
2018-05-07,Seattle,0.0,127,5,False
2018-05-08,Seattle,0.03,128,5,True
2018-05-09,Seattle,0.0,129,5,False
2018-05-10,Seattle,0.04,130,5,True
2018-05-11,Seattle,0.0,131,5,False
2018-05-12,Seattle,0.0,132,5,False
2018-05-13,Seattle,0.0,133,5,False
2018-05-14,Seattle,0.0,134,5,False
2018-05-15,Seattle,0.0,135,5,False
2018-05-16,Seattle,0.0,136,5,False
2018-05-17,Seattle,0.0,137,5,False
2018-05-18,Seattle,0.0,138,5,False
2018-05-19,Seattle,0.04,139,5,True
2018-05-20,Seattle,0.0,140,5,False
2018-05-21,Seattle,0.0,141,5,False
2018-05-22,Seattle,0.0,142,5,False
2018-05-23,Seattle,0.0,143,5,False
2018-05-24,Seattle,0.0,144,5,False
2018-05-25,Seattle,0.0,145,5,False
2018-05-26,Seattle,0.0,146,5,False
2018-05-27,Seattle,0.0,147,5,False
2018-05-28,Seattle,0.0,148,5,False
2018-05-29,Seattle,0.0,149,5,False
2018-05-30,Seattle,0.0,150,5,False
2018-05-31,Seattle,0.0,151,5,False
2018-06-01,Seattle,0.0,152,6,False
2018-06-02,Seattle,0.0,153,6,False
2018-06-03,Seattle,0.01,154,6,True
2018-06-04,Seattle,0.0,155,6,False
2018-06-05,Seattle,0.0,156,6,False
2018-06-06,Seattle,0.0,157,6,False
2018-06-07,Seattle,0.0,158,6,False
2018-06-08,Seattle,0.25,159,6,True
2018-06-09,Seattle,0.09,160,6,True
2018-06-10,Seattle,0.06,161,6,True
2018-06-11,Seattle,0.0,162,6,False
2018-06-12,Seattle,0.0,163,6,False
2018-06-13,Seattle,0.02,164,6,True
2018-06-14,Seattle,0.0,165,6,False
2018-06-15,Seattle,0.0,166,6,False
2018-06-16,Seattle,0.0,167,6,False
2018-06-17,Seattle,0.0,168,6,False
2018-06-18,Seattle,0.0,169,6,False
2018-06-19,Seattle,0.0,170,6,False
2018-06-20,Seattle,0.0,171,6,False
2018-06-21,Seattle,0.0,172,6,False
2018-06-22,Seattle,0.0,173,6,False
2018-06-23,Seattle,0.07,174,6,True
2018-06-24,Seattle,0.13,175,6,True
2018-06-25,Seattle,0.0,176,6,False
2018-06-26,Seattle,0.0,177,6,False
2018-06-27,Seattle,0.0,178,6,False
2018-06-28,Seattle,0.0,179,6,False
2018-06-29,Seattle,0.0,180,6,False
2018-06-30,Seattle,0.0,181,6,False
2018-07-01,Seattle,0.04,182,7,True
2018-07-02,Seattle,0.0,183,7,False
2018-07-03,Seattle,0.0,184,7,False
2018-07-04,Seattle,0.0,185,7,False
2018-07-05,Seattle,0.0,186,7,False
2018-07-06,Seattle,0.0,187,7,False
2018-07-07,Seattle,0.01,188,7,True
2018-07-08,Seattle,0.0,189,7,False
2018-07-09,Seattle,0.0,190,7,False
2018-07-10,Seattle,0.0,191,7,False
2018-07-11,Seattle,0.0,192,7,False
2018-07-12,Seattle,0.0,193,7,False
2018-07-13,Seattle,0.0,194,7,False
2018-07-14,Seattle,0.0,195,7,False
2018-07-15,Seattle,0.0,196,7,False
2018-07-16,Seattle,0.0,197,7,False
2018-07-17,Seattle,0.0,198,7,False
2018-07-18,Seattle,0.0,199,7,False
2018-07-19,Seattle,0.0,200,7,False
2018-07-20,Seattle,0.0,201,7,False
2018-07-21,Seattle,0.0,202,7,False
2018-07-22,Seattle,0.0,203,7,False
2018-07-23,Seattle,0.0,204,7,False
2018-07-24,Seattle,0.0,205,7,False
2018-07-25,Seattle,0.0,206,7,False
2018-07-26,Seattle,0.0,207,7,False
2018-07-27,Seattle,0.0,208,7,False
2018-07-28,Seattle,0.0,209,7,False
2018-07-29,Seattle,0.0,210,7,False
2018-07-30,Seattle,0.0,211,7,False
2018-07-31,Seattle,0.0,212,7,False
2018-08-01,Seattle,0.0,213,8,False
2018-08-02,Seattle,0.02,214,8,True
2018-08-03,Seattle,0.01,215,8,True
2018-08-04,Seattle,0.0,216,8,False
2018-08-05,Seattle,0.0,217,8,False
2018-08-06,Seattle,0.0,218,8,False
2018-08-07,Seattle,0.0,219,8,False
2018-08-08,Seattle,0.0,220,8,False
2018-08-09,Seattle,0.0,221,8,False
2018-08-10,Seattle,0.0,222,8,False
2018-08-11,Seattle,0.05,223,8,True
2018-08-12,Seattle,0.0,224,8,False
2018-08-13,Seattle,0.0,225,8,False
2018-08-14,Seattle,0.0,226,8,False
2018-08-15,Seattle,0.0,227,8,False
2018-08-16,Seattle,0.0,228,8,False
2018-08-17,Seattle,0.0,229,8,False
2018-08-18,Seattle,0.0,230,8,False
2018-08-19,Seattle,0.0,231,8,False
2018-08-20,Seattle,0.0,232,8,False
2018-08-21,Seattle,0.0,233,8,False
2018-08-22,Seattle,0.0,234,8,False
2018-08-23,Seattle,0.01,235,8,True
2018-08-24,Seattle,0.0,236,8,False
2018-08-25,Seattle,0.0,237,8,False
2018-08-26,Seattle,0.11,238,8,True
2018-08-27,Seattle,0.0,239,8,False
2018-08-28,Seattle,0.0,240,8,False
2018-08-29,Seattle,0.0,241,8,False
2018-08-30,Seattle,0.0,242,8,False
2018-08-31,Seattle,0.0,243,8,False
2018-09-01,Seattle,0.0,244,9,False
2018-09-02,Seattle,0.0,245,9,False
2018-09-03,Seattle,0.0,246,9,False
2018-09-04,Seattle,0.0,247,9,False
2018-09-05,Seattle,0.0,248,9,False
2018-09-06,Seattle,0.0,249,9,False
2018-09-07,Seattle,0.05,250,9,True
2018-09-08,Seattle,0.04,251,9,True
2018-09-09,Seattle,0.13,252,9,True
2018-09-10,Seattle,0.0,253,9,False
2018-09-11,Seattle,0.0,254,9,False
2018-09-12,Seattle,0.01,255,9,True
2018-09-13,Seattle,0.0,256,9,False
2018-09-14,Seattle,0.42,257,9,True
2018-09-15,Seattle,0.01,258,9,True
2018-09-16,Seattle,0.17,259,9,True
2018-09-17,Seattle,0.0,260,9,False
2018-09-18,Seattle,0.0,261,9,False
2018-09-19,Seattle,0.03,262,9,True
2018-09-20,Seattle,0.05,263,9,True
2018-09-21,Seattle,0.02,264,9,True
2018-09-22,Seattle,0.05,265,9,True
2018-09-23,Seattle,0.0,266,9,False
2018-09-24,Seattle,0.0,267,9,False
2018-09-25,Seattle,0.0,268,9,False
2018-09-26,Seattle,0.0,269,9,False
2018-09-27,Seattle,0.0,270,9,False
2018-09-28,Seattle,0.0,271,9,False
2018-09-29,Seattle,0.03,272,9,True
2018-09-30,Seattle,0.03,273,9,True
2018-10-01,Seattle,0.3,274,10,True
2018-10-02,Seattle,0.01,275,10,True
2018-10-03,Seattle,0.0,276,10,False
2018-10-04,Seattle,0.0,277,10,False
2018-10-05,Seattle,0.56,278,10,True
2018-10-06,Seattle,0.0,279,10,False
2018-10-07,Seattle,0.03,280,10,True
2018-10-08,Seattle,0.1,281,10,True
2018-10-09,Seattle,0.09,282,10,True
2018-10-10,Seattle,0.0,283,10,False
2018-10-11,Seattle,0.0,284,10,False
2018-10-12,Seattle,0.0,285,10,False
2018-10-13,Seattle,0.0,286,10,False
2018-10-14,Seattle,0.0,287,10,False
2018-10-15,Seattle,0.0,288,10,False
2018-10-16,Seattle,0.0,289,10,False
2018-10-17,Seattle,0.0,290,10,False
2018-10-18,Seattle,0.0,291,10,False
2018-10-19,Seattle,0.0,292,10,False
2018-10-20,Seattle,0.0,293,10,False
2018-10-21,Seattle,0.0,294,10,False
2018-10-22,Seattle,0.0,295,10,False
2018-10-23,Seattle,0.06,296,10,True
2018-10-24,Seattle,0.0,297,10,False
2018-10-25,Seattle,0.66,298,10,True
2018-10-26,Seattle,0.45,299,10,True
2018-10-27,Seattle,0.84,300,10,True
2018-10-28,Seattle,0.61,301,10,True
2018-10-29,Seattle,0.02,302,10,True
2018-10-30,Seattle,0.03,303,10,True
2018-10-31,Seattle,0.02,304,10,True
2018-11-01,Seattle,0.04,305,11,True
2018-11-02,Seattle,0.3,306,11,True
2018-11-03,Seattle,0.18,307,11,True
2018-11-04,Seattle,0.03,308,11,True
2018-11-05,Seattle,0.0,309,11,False
2018-11-06,Seattle,0.05,310,11,True
2018-11-07,Seattle,0.04,311,11,True
2018-11-08,Seattle,0.0,312,11,False
2018-11-09,Seattle,0.07,313,11,True
2018-11-10,Seattle,0.0,314,11,False
2018-11-11,Seattle,0.0,315,11,False
2018-11-12,Seattle,0.0,316,11,False
2018-11-13,Seattle,0.0,317,11,False
2018-11-14,Seattle,0.11,318,11,True
2018-11-15,Seattle,0.02,319,11,True
2018-11-16,Seattle,0.03,320,11,True
2018-11-17,Seattle,0.0,321,11,False
2018-11-18,Seattle,0.0,322,11,False
2018-11-19,Seattle,0.0,323,11,False
2018-11-20,Seattle,0.0,324,11,False
2018-11-21,Seattle,0.11,325,11,True
2018-11-22,Seattle,0.48,326,11,True
2018-11-23,Seattle,0.34,327,11,True
2018-11-24,Seattle,0.0,328,11,False
2018-11-25,Seattle,0.01,329,11,True
2018-11-26,Seattle,1.42,330,11,True
2018-11-27,Seattle,1.84,331,11,True
2018-11-28,Seattle,0.16,332,11,True
2018-11-29,Seattle,0.0,333,11,False
2018-11-30,Seattle,0.19,334,11,True
2018-12-01,Seattle,0.07,335,12,True
2018-12-02,Seattle,0.06,336,12,True
2018-12-03,Seattle,0.0,337,12,False
2018-12-04,Seattle,0.0,338,12,False
2018-12-05,Seattle,0.0,339,12,False
2018-12-06,Seattle,0.0,340,12,False
2018-12-07,Seattle,0.0,341,12,False
2018-12-08,Seattle,0.0,342,12,False
2018-12-09,Seattle,0.59,343,12,True
2018-12-10,Seattle,0.09,344,12,True
2018-12-11,Seattle,0.73,345,12,True
2018-12-12,Seattle,0.07,346,12,True
2018-12-13,Seattle,0.29,347,12,True
2018-12-14,Seattle,0.01,348,12,True
2018-12-15,Seattle,0.06,349,12,True
2018-12-16,Seattle,0.33,350,12,True
2018-12-17,Seattle,0.45,351,12,True
2018-12-18,Seattle,0.7,352,12,True
2018-12-19,Seattle,0.11,353,12,True
2018-12-20,Seattle,0.27,354,12,True
2018-12-21,Seattle,0.0,355,12,False
2018-12-22,Seattle,0.3,356,12,True
2018-12-23,Seattle,0.72,357,12,True
2018-12-24,Seattle,0.0,358,12,False
2018-12-25,Seattle,0.02,359,12,True
2018-12-26,Seattle,0.14,360,12,True
2018-12-27,Seattle,0.01,361,12,True
2018-12-28,Seattle,0.43,362,12,True
2018-12-29,Seattle,0.63,363,12,True
2018-12-30,Seattle,0.0,364,12,False
2018-12-31,Seattle,0.0,365,12,False
2019-01-01,Seattle,0.0,1,1,False
2019-01-02,Seattle,0.04,2,1,True
2019-01-03,Seattle,0.78,3,1,True
2019-01-04,Seattle,0.08,4,1,True
2019-01-05,Seattle,0.04,5,1,True
2019-01-06,Seattle,0.4,6,1,True
2019-01-07,Seattle,0.0,7,1,False
2019-01-08,Seattle,0.15,8,1,True
2019-01-09,Seattle,0.2,9,1,True
2019-01-10,Seattle,0.26,10,1,True
2019-01-11,Seattle,0.0,11,1,False
2019-01-12,Seattle,0.0,12,1,False
2019-01-13,Seattle,0.0,13,1,False
2019-01-14,Seattle,0.0,14,1,False
2019-01-15,Seattle,0.0,15,1,False
2019-01-16,Seattle,0.0,16,1,False
2019-01-17,Seattle,0.05,17,1,True
2019-01-18,Seattle,0.41,18,1,True
2019-01-19,Seattle,0.1,19,1,True
2019-01-20,Seattle,0.0,20,1,False
2019-01-21,Seattle,0.0,21,1,False
2019-01-22,Seattle,0.85,22,1,True
2019-01-23,Seattle,0.37,23,1,True
2019-01-24,Seattle,0.09,24,1,True
2019-01-25,Seattle,0.0,25,1,False
2019-01-26,Seattle,0.0,26,1,False
2019-01-27,Seattle,0.0,27,1,False
2019-01-28,Seattle,0.0,28,1,False
2019-01-29,Seattle,0.0,29,1,False
2019-01-30,Seattle,0.0,30,1,False
2019-01-31,Seattle,0.01,31,1,True
2019-02-01,Seattle,0.68,32,2,True
2019-02-02,Seattle,0.03,33,2,True
2019-02-03,Seattle,0.09,34,2,True
2019-02-04,Seattle,0.13,35,2,True
2019-02-05,Seattle,0.0,36,2,False
2019-02-06,Seattle,0.0,37,2,False
2019-02-07,Seattle,0.0,38,2,False
2019-02-08,Seattle,0.46,39,2,True
2019-02-09,Seattle,0.16,40,2,True
2019-02-10,Seattle,0.16,41,2,True
2019-02-11,Seattle,1.22,42,2,True
2019-02-12,Seattle,0.86,43,2,True
2019-02-13,Seattle,0.02,44,2,True
2019-02-14,Seattle,0.12,45,2,True
2019-02-15,Seattle,0.0,46,2,False
2019-02-16,Seattle,0.15,47,2,True
2019-02-17,Seattle,0.0,48,2,False
2019-02-18,Seattle,0.05,49,2,True
2019-02-19,Seattle,0.13,50,2,True
2019-02-20,Seattle,0.19,51,2,True
2019-02-21,Seattle,0.0,52,2,False
2019-02-22,Seattle,0.11,53,2,True
2019-02-23,Seattle,0.05,54,2,True
2019-02-24,Seattle,0.01,55,2,True
2019-02-25,Seattle,0.0,56,2,False
2019-02-26,Seattle,0.0,57,2,False
2019-02-27,Seattle,0.0,58,2,False
2019-02-28,Seattle,0.0,59,2,False
2019-03-01,Seattle,0.0,60,3,False
2019-03-02,Seattle,0.0,61,3,False
2019-03-03,Seattle,0.0,62,3,False
2019-03-04,Seattle,0.0,63,3,False
2019-03-05,Seattle,0.0,64,3,False
2019-03-06,Seattle,0.12,65,3,True
2019-03-07,Seattle,0.21,66,3,True
2019-03-08,Seattle,0.06,67,3,True
2019-03-09,Seattle,0.0,68,3,False
2019-03-10,Seattle,0.0,69,3,False
2019-03-11,Seattle,0.28,70,3,True
2019-03-12,Seattle,0.49,71,3,True
2019-03-13,Seattle,0.0,72,3,False
2019-03-14,Seattle,0.0,73,3,False
2019-03-15,Seattle,0.0,74,3,False
2019-03-16,Seattle,0.0,75,3,False
2019-03-17,Seattle,0.0,76,3,False
2019-03-18,Seattle,0.0,77,3,False
2019-03-19,Seattle,0.0,78,3,False
2019-03-20,Seattle,0.0,79,3,False
2019-03-21,Seattle,0.0,80,3,False
2019-03-22,Seattle,0.01,81,3,True
2019-03-23,Seattle,0.0,82,3,False
2019-03-24,Seattle,0.0,83,3,False
2019-03-25,Seattle,0.16,84,3,True
2019-03-26,Seattle,0.04,85,3,True
2019-03-27,Seattle,0.0,86,3,False
2019-03-28,Seattle,0.0,87,3,False
2019-03-29,Seattle,0.0,88,3,False
2019-03-30,Seattle,0.0,89,3,False
2019-03-31,Seattle,0.0,90,3,False
2019-04-01,Seattle,0.0,91,4,False
2019-04-02,Seattle,0.0,92,4,False
2019-04-03,Seattle,0.03,93,4,True
2019-04-04,Seattle,0.06,94,4,True
2019-04-05,Seattle,0.32,95,4,True
2019-04-06,Seattle,0.26,96,4,True
2019-04-07,Seattle,0.28,97,4,True
2019-04-08,Seattle,0.05,98,4,True
2019-04-09,Seattle,0.33,99,4,True
2019-04-10,Seattle,0.28,100,4,True
2019-04-11,Seattle,0.4,101,4,True
2019-04-12,Seattle,0.65,102,4,True
2019-04-13,Seattle,0.09,103,4,True
2019-04-14,Seattle,0.01,104,4,True
2019-04-15,Seattle,0.0,105,4,False
2019-04-16,Seattle,0.21,106,4,True
2019-04-17,Seattle,0.0,107,4,False
2019-04-18,Seattle,0.13,108,4,True
2019-04-19,Seattle,0.16,109,4,True
2019-04-20,Seattle,0.0,110,4,False
2019-04-21,Seattle,0.0,111,4,False
2019-04-22,Seattle,0.13,112,4,True
2019-04-23,Seattle,0.0,113,4,False
2019-04-24,Seattle,0.0,114,4,False
2019-04-25,Seattle,0.0,115,4,False
2019-04-26,Seattle,0.0,116,4,False
2019-04-27,Seattle,0.14,117,4,True
2019-04-28,Seattle,0.0,118,4,False
2019-04-29,Seattle,0.0,119,4,False
2019-04-30,Seattle,0.0,120,4,False
2019-05-01,Seattle,0.0,121,5,False
2019-05-02,Seattle,0.0,122,5,False
2019-05-03,Seattle,0.0,123,5,False
2019-05-04,Seattle,0.0,124,5,False
2019-05-05,Seattle,0.0,125,5,False
2019-05-06,Seattle,0.0,126,5,False
2019-05-07,Seattle,0.0,127,5,False
2019-05-08,Seattle,0.0,128,5,False
2019-05-09,Seattle,0.0,129,5,False
2019-05-10,Seattle,0.0,130,5,False
2019-05-11,Seattle,0.0,131,5,False
2019-05-12,Seattle,0.0,132,5,False
2019-05-13,Seattle,0.0,133,5,False
2019-05-14,Seattle,0.16,134,5,True
2019-05-15,Seattle,0.02,135,5,True
2019-05-16,Seattle,0.13,136,5,True
2019-05-17,Seattle,0.05,137,5,True
2019-05-18,Seattle,0.0,138,5,False
2019-05-19,Seattle,0.0,139,5,False
2019-05-20,Seattle,0.05,140,5,True
2019-05-21,Seattle,0.02,141,5,True
2019-05-22,Seattle,0.0,142,5,False
2019-05-23,Seattle,0.0,143,5,False
2019-05-24,Seattle,0.0,144,5,False
2019-05-25,Seattle,0.19,145,5,True
2019-05-26,Seattle,0.0,146,5,False
2019-05-27,Seattle,0.0,147,5,False
2019-05-28,Seattle,0.0,148,5,False
2019-05-29,Seattle,0.0,149,5,False
2019-05-30,Seattle,0.0,150,5,False
2019-05-31,Seattle,0.0,151,5,False
2019-06-01,Seattle,0.0,152,6,False
2019-06-02,Seattle,0.0,153,6,False
2019-06-03,Seattle,0.0,154,6,False
2019-06-04,Seattle,0.0,155,6,False
2019-06-05,Seattle,0.0,156,6,False
2019-06-06,Seattle,0.01,157,6,True
2019-06-07,Seattle,0.1,158,6,True
2019-06-08,Seattle,0.0,159,6,False
2019-06-09,Seattle,0.0,160,6,False
2019-06-10,Seattle,0.0,161,6,False
2019-06-11,Seattle,0.0,162,6,False
2019-06-12,Seattle,0.0,163,6,False
2019-06-13,Seattle,0.0,164,6,False
2019-06-14,Seattle,0.0,165,6,False
2019-06-15,Seattle,0.0,166,6,False
2019-06-16,Seattle,0.0,167,6,False
2019-06-17,Seattle,0.0,168,6,False
2019-06-18,Seattle,0.21,169,6,True
2019-06-19,Seattle,0.08,170,6,True
2019-06-20,Seattle,0.41,171,6,True
2019-06-21,Seattle,0.0,172,6,False
2019-06-22,Seattle,0.0,173,6,False
2019-06-23,Seattle,0.0,174,6,False
2019-06-24,Seattle,0.0,175,6,False
2019-06-25,Seattle,0.0,176,6,False
2019-06-26,Seattle,0.01,177,6,True
2019-06-27,Seattle,0.08,178,6,True
2019-06-28,Seattle,0.0,179,6,False
2019-06-29,Seattle,0.0,180,6,False
2019-06-30,Seattle,0.0,181,6,False
2019-07-01,Seattle,0.0,182,7,False
2019-07-02,Seattle,0.43,183,7,True
2019-07-03,Seattle,0.0,184,7,False
2019-07-04,Seattle,0.0,185,7,False
2019-07-05,Seattle,0.0,186,7,False
2019-07-06,Seattle,0.0,187,7,False
2019-07-07,Seattle,0.0,188,7,False
2019-07-08,Seattle,0.0,189,7,False
2019-07-09,Seattle,0.17,190,7,True
2019-07-10,Seattle,0.17,191,7,True
2019-07-11,Seattle,0.0,192,7,False
2019-07-12,Seattle,0.0,193,7,False
2019-07-13,Seattle,0.0,194,7,False
2019-07-14,Seattle,0.0,195,7,False
2019-07-15,Seattle,0.02,196,7,True
2019-07-16,Seattle,0.0,197,7,False
2019-07-17,Seattle,0.13,198,7,True
2019-07-18,Seattle,0.2,199,7,True
2019-07-19,Seattle,0.03,200,7,True
2019-07-20,Seattle,0.0,201,7,False
2019-07-21,Seattle,0.0,202,7,False
2019-07-22,Seattle,0.0,203,7,False
2019-07-23,Seattle,0.0,204,7,False
2019-07-24,Seattle,0.0,205,7,False
2019-07-25,Seattle,0.0,206,7,False
2019-07-26,Seattle,0.0,207,7,False
2019-07-27,Seattle,0.0,208,7,False
2019-07-28,Seattle,0.0,209,7,False
2019-07-29,Seattle,0.0,210,7,False
2019-07-30,Seattle,0.0,211,7,False
2019-07-31,Seattle,0.0,212,7,False
2019-08-01,Seattle,0.0,213,8,False
2019-08-02,Seattle,0.37,214,8,True
2019-08-03,Seattle,0.0,215,8,False
2019-08-04,Seattle,0.0,216,8,False
2019-08-05,Seattle,0.0,217,8,False
2019-08-06,Seattle,0.0,218,8,False
2019-08-07,Seattle,0.0,219,8,False
2019-08-08,Seattle,0.0,220,8,False
2019-08-09,Seattle,0.0,221,8,False
2019-08-10,Seattle,0.38,222,8,True
2019-08-11,Seattle,0.0,223,8,False
2019-08-12,Seattle,0.0,224,8,False
2019-08-13,Seattle,0.0,225,8,False
2019-08-14,Seattle,0.0,226,8,False
2019-08-15,Seattle,0.0,227,8,False
2019-08-16,Seattle,0.0,228,8,False
2019-08-17,Seattle,0.0,229,8,False
2019-08-18,Seattle,0.0,230,8,False
2019-08-19,Seattle,0.0,231,8,False
2019-08-20,Seattle,0.0,232,8,False
2019-08-21,Seattle,0.3,233,8,True
2019-08-22,Seattle,0.08,234,8,True
2019-08-23,Seattle,0.0,235,8,False
2019-08-24,Seattle,0.0,236,8,False
2019-08-25,Seattle,0.0,237,8,False
2019-08-26,Seattle,0.0,238,8,False
2019-08-27,Seattle,0.0,239,8,False
2019-08-28,Seattle,0.0,240,8,False
2019-08-29,Seattle,0.07,241,8,True
2019-08-30,Seattle,0.0,242,8,False
2019-08-31,Seattle,0.0,243,8,False
2019-09-01,Seattle,0.0,244,9,False
2019-09-02,Seattle,0.0,245,9,False
2019-09-03,Seattle,0.0,246,9,False
2019-09-04,Seattle,0.0,247,9,False
2019-09-05,Seattle,0.0,248,9,False
2019-09-06,Seattle,0.0,249,9,False
2019-09-07,Seattle,0.59,250,9,True
2019-09-08,Seattle,0.04,251,9,True
2019-09-09,Seattle,0.29,252,9,True
2019-09-10,Seattle,0.0,253,9,False
2019-09-11,Seattle,0.0,254,9,False
2019-09-12,Seattle,0.24,255,9,True
2019-09-13,Seattle,0.0,256,9,False
2019-09-14,Seattle,0.05,257,9,True
2019-09-15,Seattle,0.44,258,9,True
2019-09-16,Seattle,0.09,259,9,True
2019-09-17,Seattle,0.65,260,9,True
2019-09-18,Seattle,0.1,261,9,True
2019-09-19,Seattle,0.04,262,9,True
2019-09-20,Seattle,0.0,263,9,False
2019-09-21,Seattle,0.0,264,9,False
2019-09-22,Seattle,0.24,265,9,True
2019-09-23,Seattle,0.12,266,9,True
2019-09-24,Seattle,0.0,267,9,False
2019-09-25,Seattle,0.0,268,9,False
2019-09-26,Seattle,0.16,269,9,True
2019-09-27,Seattle,0.14,270,9,True
2019-09-28,Seattle,0.04,271,9,True
2019-09-29,Seattle,0.09,272,9,True
2019-09-30,Seattle,0.0,273,9,False
2019-10-01,Seattle,0.0,274,10,False
2019-10-02,Seattle,0.0,275,10,False
2019-10-03,Seattle,0.02,276,10,True
2019-10-04,Seattle,0.03,277,10,True
2019-10-05,Seattle,0.0,278,10,False
2019-10-06,Seattle,0.0,279,10,False
2019-10-07,Seattle,0.05,280,10,True
2019-10-08,Seattle,0.17,281,10,True
2019-10-09,Seattle,0.0,282,10,False
2019-10-10,Seattle,0.0,283,10,False
2019-10-11,Seattle,0.0,284,10,False
2019-10-12,Seattle,0.0,285,10,False
2019-10-13,Seattle,0.0,286,10,False
2019-10-14,Seattle,0.0,287,10,False
2019-10-15,Seattle,0.0,288,10,False
2019-10-16,Seattle,0.51,289,10,True
2019-10-17,Seattle,0.15,290,10,True
2019-10-18,Seattle,0.82,291,10,True
2019-10-19,Seattle,0.96,292,10,True
2019-10-20,Seattle,0.13,293,10,True
2019-10-21,Seattle,0.39,294,10,True
2019-10-22,Seattle,0.1,295,10,True
2019-10-23,Seattle,0.0,296,10,False
2019-10-24,Seattle,0.0,297,10,False
2019-10-25,Seattle,0.34,298,10,True
2019-10-26,Seattle,0.0,299,10,False
2019-10-27,Seattle,0.0,300,10,False
2019-10-28,Seattle,0.0,301,10,False
2019-10-29,Seattle,0.0,302,10,False
2019-10-30,Seattle,0.0,303,10,False
2019-10-31,Seattle,0.0,304,10,False
2019-11-01,Seattle,0.0,305,11,False
2019-11-02,Seattle,0.0,306,11,False
2019-11-03,Seattle,0.0,307,11,False
2019-11-04,Seattle,0.0,308,11,False
2019-11-05,Seattle,0.0,309,11,False
2019-11-06,Seattle,0.0,310,11,False
2019-11-07,Seattle,0.0,311,11,False
2019-11-08,Seattle,0.0,312,11,False
2019-11-09,Seattle,0.32,313,11,True
2019-11-10,Seattle,0.0,314,11,False
2019-11-11,Seattle,0.0,315,11,False
2019-11-12,Seattle,0.25,316,11,True
2019-11-13,Seattle,0.0,317,11,False
2019-11-14,Seattle,0.0,318,11,False
2019-11-15,Seattle,0.19,319,11,True
2019-11-16,Seattle,0.01,320,11,True
2019-11-17,Seattle,0.09,321,11,True
2019-11-18,Seattle,0.26,322,11,True
2019-11-19,Seattle,0.39,323,11,True
2019-11-20,Seattle,0.0,324,11,False
2019-11-21,Seattle,0.0,325,11,False
2019-11-22,Seattle,0.0,326,11,False
2019-11-23,Seattle,0.0,327,11,False
2019-11-24,Seattle,0.11,328,11,True
2019-11-25,Seattle,0.09,329,11,True
2019-11-26,Seattle,0.0,330,11,False
2019-11-27,Seattle,0.0,331,11,False
2019-11-28,Seattle,0.0,332,11,False
2019-11-29,Seattle,0.0,333,11,False
2019-11-30,Seattle,0.0,334,11,False
2019-12-01,Seattle,0.02,335,12,True
2019-12-02,Seattle,0.0,336,12,False
2019-12-03,Seattle,0.0,337,12,False
2019-12-04,Seattle,0.03,338,12,True
2019-12-05,Seattle,0.0,339,12,False
2019-12-06,Seattle,0.0,340,12,False
2019-12-07,Seattle,0.29,341,12,True
2019-12-08,Seattle,0.03,342,12,True
2019-12-09,Seattle,0.0,343,12,False
2019-12-10,Seattle,0.13,344,12,True
2019-12-11,Seattle,0.54,345,12,True
2019-12-12,Seattle,0.23,346,12,True
2019-12-13,Seattle,0.0,347,12,False
2019-12-14,Seattle,0.08,348,12,True
2019-12-15,Seattle,0.11,349,12,True
2019-12-16,Seattle,0.0,350,12,False
2019-12-17,Seattle,0.0,351,12,False
2019-12-18,Seattle,0.3,352,12,True
2019-12-19,Seattle,1.32,353,12,True
2019-12-20,Seattle,3.25,354,12,True
2019-12-21,Seattle,0.83,355,12,True
2019-12-22,Seattle,0.14,356,12,True
2019-12-23,Seattle,0.29,357,12,True
2019-12-24,Seattle,0.0,358,12,False
2019-12-25,Seattle,0.0,359,12,False
2019-12-26,Seattle,0.05,360,12,True
2019-12-27,Seattle,0.01,361,12,True
2019-12-28,Seattle,0.0,362,12,False
2019-12-29,Seattle,0.01,363,12,True
2019-12-30,Seattle,0.04,364,12,True
2019-12-31,Seattle,0.26,365,12,True
2020-01-01,Seattle,0.0,1,1,False
2020-01-02,Seattle,0.21,2,1,True
2020-01-03,Seattle,0.39,3,1,True
2020-01-04,Seattle,0.1,4,1,True
2020-01-05,Seattle,0.14,5,1,True
2020-01-06,Seattle,1.19,6,1,True
2020-01-07,Seattle,0.28,7,1,True
2020-01-08,Seattle,0.04,8,1,True
2020-01-09,Seattle,0.06,9,1,True
2020-01-10,Seattle,0.5,10,1,True
2020-01-11,Seattle,0.09,11,1,True
2020-01-12,Seattle,0.18,12,1,True
2020-01-13,Seattle,0.09,13,1,True
2020-01-14,Seattle,0.01,14,1,True
2020-01-15,Seattle,0.01,15,1,True
2020-01-16,Seattle,0.0,16,1,False
2020-01-17,Seattle,0.02,17,1,True
2020-01-18,Seattle,0.34,18,1,True
2020-01-19,Seattle,0.03,19,1,True
2020-01-20,Seattle,0.0,20,1,False
2020-01-21,Seattle,0.52,21,1,True
2020-01-22,Seattle,0.22,22,1,True
2020-01-23,Seattle,0.99,23,1,True
2020-01-24,Seattle,0.47,24,1,True
2020-01-25,Seattle,0.16,25,1,True
2020-01-26,Seattle,0.35,26,1,True
2020-01-27,Seattle,0.61,27,1,True
2020-01-28,Seattle,0.67,28,1,True
2020-01-29,Seattle,0.37,29,1,True
2020-01-30,Seattle,0.41,30,1,True
2020-01-31,Seattle,0.78,31,1,True
2020-02-01,Seattle,1.18,32,2,True
2020-02-02,Seattle,0.0,33,2,False
2020-02-03,Seattle,0.11,34,2,True
2020-02-04,Seattle,0.11,35,2,True
2020-02-05,Seattle,0.52,36,2,True
2020-02-06,Seattle,0.83,37,2,True
2020-02-07,Seattle,0.43,38,2,True
2020-02-08,Seattle,0.04,39,2,True
2020-02-09,Seattle,0.0,40,2,False
2020-02-10,Seattle,0.0,41,2,False
2020-02-11,Seattle,0.01,42,2,True
2020-02-12,Seattle,0.07,43,2,True
2020-02-13,Seattle,0.02,44,2,True
2020-02-14,Seattle,0.11,45,2,True
2020-02-15,Seattle,0.11,46,2,True
2020-02-16,Seattle,0.0,47,2,False
2020-02-17,Seattle,0.0,48,2,False
2020-02-18,Seattle,0.0,49,2,False
2020-02-19,Seattle,0.0,50,2,False
2020-02-20,Seattle,0.0,51,2,False
2020-02-21,Seattle,0.0,52,2,False
2020-02-22,Seattle,0.07,53,2,True
2020-02-23,Seattle,0.18,54,2,True
2020-02-24,Seattle,0.0,55,2,False
2020-02-25,Seattle,0.0,56,2,False
2020-02-26,Seattle,0.05,57,2,True
2020-02-27,Seattle,0.0,58,2,False
2020-02-28,Seattle,0.09,59,2,True
2020-02-29,Seattle,0.12,60,2,True
2020-03-01,Seattle,0.0,61,3,False
2020-03-02,Seattle,0.01,62,3,True
2020-03-03,Seattle,0.18,63,3,True
2020-03-04,Seattle,0.0,64,3,False
2020-03-05,Seattle,0.23,65,3,True
2020-03-06,Seattle,0.48,66,3,True
2020-03-07,Seattle,0.04,67,3,True
2020-03-08,Seattle,0.0,68,3,False
2020-03-09,Seattle,0.0,69,3,False
2020-03-10,Seattle,0.0,70,3,False
2020-03-11,Seattle,0.07,71,3,True
2020-03-12,Seattle,0.0,72,3,False
2020-03-13,Seattle,0.38,73,3,True
2020-03-14,Seattle,0.0,74,3,False
2020-03-15,Seattle,0.0,75,3,False
2020-03-16,Seattle,0.0,76,3,False
2020-03-17,Seattle,0.0,77,3,False
2020-03-18,Seattle,0.0,78,3,False
2020-03-19,Seattle,0.0,79,3,False
2020-03-20,Seattle,0.0,80,3,False
2020-03-21,Seattle,0.0,81,3,False
2020-03-22,Seattle,0.0,82,3,False
2020-03-23,Seattle,0.1,83,3,True
2020-03-24,Seattle,0.04,84,3,True
2020-03-25,Seattle,0.18,85,3,True
2020-03-26,Seattle,0.0,86,3,False
2020-03-27,Seattle,0.02,87,3,True
2020-03-28,Seattle,0.32,88,3,True
2020-03-29,Seattle,0.58,89,3,True
2020-03-30,Seattle,0.51,90,3,True
2020-03-31,Seattle,0.03,91,3,True
2020-04-01,Seattle,0.01,92,4,True
2020-04-02,Seattle,0.0,93,4,False
2020-04-03,Seattle,0.0,94,4,False
2020-04-04,Seattle,0.0,95,4,False
2020-04-05,Seattle,0.0,96,4,False
2020-04-06,Seattle,0.0,97,4,False
2020-04-07,Seattle,0.0,98,4,False
2020-04-08,Seattle,0.0,99,4,False
2020-04-09,Seattle,0.0,100,4,False
2020-04-10,Seattle,0.0,101,4,False
2020-04-11,Seattle,0.0,102,4,False
2020-04-12,Seattle,0.0,103,4,False
2020-04-13,Seattle,0.0,104,4,False
2020-04-14,Seattle,0.0,105,4,False
2020-04-15,Seattle,0.0,106,4,False
2020-04-16,Seattle,0.0,107,4,False
2020-04-17,Seattle,0.0,108,4,False
2020-04-18,Seattle,0.05,109,4,True
2020-04-19,Seattle,0.0,110,4,False
2020-04-20,Seattle,0.0,111,4,False
2020-04-21,Seattle,0.0,112,4,False
2020-04-22,Seattle,0.5,113,4,True
2020-04-23,Seattle,0.3,114,4,True
2020-04-24,Seattle,0.0,115,4,False
2020-04-25,Seattle,0.59,116,4,True
2020-04-26,Seattle,0.12,117,4,True
2020-04-27,Seattle,0.09,118,4,True
2020-04-28,Seattle,0.0,119,4,False
2020-04-29,Seattle,0.04,120,4,True
2020-04-30,Seattle,0.0,121,4,False
2020-05-01,Seattle,0.0,122,5,False
2020-05-02,Seattle,0.24,123,5,True
2020-05-03,Seattle,0.06,124,5,True
2020-05-04,Seattle,0.0,125,5,False
2020-05-05,Seattle,0.0,126,5,False
2020-05-06,Seattle,0.11,127,5,True
2020-05-07,Seattle,0.0,128,5,False
2020-05-08,Seattle,0.0,129,5,False
2020-05-09,Seattle,0.0,130,5,False
2020-05-10,Seattle,0.0,131,5,False
2020-05-11,Seattle,0.01,132,5,True
2020-05-12,Seattle,0.05,133,5,True
2020-05-13,Seattle,0.0,134,5,False
2020-05-14,Seattle,0.11,135,5,True
2020-05-15,Seattle,0.0,136,5,False
2020-05-16,Seattle,0.54,137,5,True
2020-05-17,Seattle,0.13,138,5,True
2020-05-18,Seattle,0.0,139,5,False
2020-05-19,Seattle,0.0,140,5,False
2020-05-20,Seattle,0.03,141,5,True
2020-05-21,Seattle,0.36,142,5,True
2020-05-22,Seattle,0.05,143,5,True
2020-05-23,Seattle,0.0,144,5,False
2020-05-24,Seattle,0.0,145,5,False
2020-05-25,Seattle,0.11,146,5,True
2020-05-26,Seattle,0.0,147,5,False
2020-05-27,Seattle,0.0,148,5,False
2020-05-28,Seattle,0.0,149,5,False
2020-05-29,Seattle,0.0,150,5,False
2020-05-30,Seattle,1.14,151,5,True
2020-05-31,Seattle,0.18,152,5,True
2020-06-01,Seattle,0.0,153,6,False
2020-06-02,Seattle,0.0,154,6,False
2020-06-03,Seattle,0.0,155,6,False
2020-06-04,Seattle,0.0,156,6,False
2020-06-05,Seattle,0.0,157,6,False
2020-06-06,Seattle,0.01,158,6,True
2020-06-07,Seattle,0.02,159,6,True
2020-06-08,Seattle,0.03,160,6,True
2020-06-09,Seattle,0.45,161,6,True
2020-06-10,Seattle,0.02,162,6,True
2020-06-11,Seattle,0.12,163,6,True
2020-06-12,Seattle,0.27,164,6,True
2020-06-13,Seattle,0.11,165,6,True
2020-06-14,Seattle,0.0,166,6,False
2020-06-15,Seattle,0.18,167,6,True
2020-06-16,Seattle,0.01,168,6,True
2020-06-17,Seattle,0.0,169,6,False
2020-06-18,Seattle,0.0,170,6,False
2020-06-19,Seattle,0.0,171,6,False
2020-06-20,Seattle,0.03,172,6,True
2020-06-21,Seattle,0.0,173,6,False
2020-06-22,Seattle,0.0,174,6,False
2020-06-23,Seattle,0.0,175,6,False
2020-06-24,Seattle,0.0,176,6,False
2020-06-25,Seattle,0.0,177,6,False
2020-06-26,Seattle,0.0,178,6,False
2020-06-27,Seattle,0.56,179,6,True
2020-06-28,Seattle,0.34,180,6,True
2020-06-29,Seattle,0.0,181,6,False
2020-06-30,Seattle,0.13,182,6,True
2020-07-01,Seattle,0.01,183,7,True
2020-07-02,Seattle,0.0,184,7,False
2020-07-03,Seattle,0.0,185,7,False
2020-07-04,Seattle,0.0,186,7,False
2020-07-05,Seattle,0.0,187,7,False
2020-07-06,Seattle,0.0,188,7,False
2020-07-07,Seattle,0.0,189,7,False
2020-07-08,Seattle,0.0,190,7,False
2020-07-09,Seattle,0.01,191,7,True
2020-07-10,Seattle,0.0,192,7,False
2020-07-11,Seattle,0.0,193,7,False
2020-07-12,Seattle,0.0,194,7,False
2020-07-13,Seattle,0.0,195,7,False
2020-07-14,Seattle,0.0,196,7,False
2020-07-15,Seattle,0.0,197,7,False
2020-07-16,Seattle,0.0,198,7,False
2020-07-17,Seattle,0.13,199,7,True
2020-07-18,Seattle,0.0,200,7,False
2020-07-19,Seattle,0.0,201,7,False
2020-07-20,Seattle,0.0,202,7,False
2020-07-21,Seattle,0.0,203,7,False
2020-07-22,Seattle,0.02,204,7,True
2020-07-23,Seattle,0.0,205,7,False
2020-07-24,Seattle,0.0,206,7,False
2020-07-25,Seattle,0.0,207,7,False
2020-07-26,Seattle,0.0,208,7,False
2020-07-27,Seattle,0.0,209,7,False
2020-07-28,Seattle,0.0,210,7,False
2020-07-29,Seattle,0.0,211,7,False
2020-07-30,Seattle,0.0,212,7,False
2020-07-31,Seattle,0.0,213,7,False
2020-08-01,Seattle,0.0,214,8,False
2020-08-02,Seattle,0.0,215,8,False
2020-08-03,Seattle,0.0,216,8,False
2020-08-04,Seattle,0.0,217,8,False
2020-08-05,Seattle,0.0,218,8,False
2020-08-06,Seattle,0.08,219,8,True
2020-08-07,Seattle,0.0,220,8,False
2020-08-08,Seattle,0.01,221,8,True
2020-08-09,Seattle,0.0,222,8,False
2020-08-10,Seattle,0.0,223,8,False
2020-08-11,Seattle,0.0,224,8,False
2020-08-12,Seattle,0.0,225,8,False
2020-08-13,Seattle,0.0,226,8,False
2020-08-14,Seattle,0.0,227,8,False
2020-08-15,Seattle,0.0,228,8,False
2020-08-16,Seattle,0.0,229,8,False
2020-08-17,Seattle,0.0,230,8,False
2020-08-18,Seattle,0.0,231,8,False
2020-08-19,Seattle,0.0,232,8,False
2020-08-20,Seattle,0.08,233,8,True
2020-08-21,Seattle,0.11,234,8,True
2020-08-22,Seattle,0.01,235,8,True
2020-08-23,Seattle,0.0,236,8,False
2020-08-24,Seattle,0.0,237,8,False
2020-08-25,Seattle,0.0,238,8,False
2020-08-26,Seattle,0.0,239,8,False
2020-08-27,Seattle,0.0,240,8,False
2020-08-28,Seattle,0.0,241,8,False
2020-08-29,Seattle,0.0,242,8,False
2020-08-30,Seattle,0.0,243,8,False
2020-08-31,Seattle,0.02,244,8,True
2020-09-01,Seattle,0.0,245,9,False
2020-09-02,Seattle,0.0,246,9,False
2020-09-03,Seattle,0.0,247,9,False
2020-09-04,Seattle,0.0,248,9,False
2020-09-05,Seattle,0.0,249,9,False
2020-09-06,Seattle,0.0,250,9,False
2020-09-07,Seattle,0.0,251,9,False
2020-09-08,Seattle,0.0,252,9,False
2020-09-09,Seattle,0.0,253,9,False
2020-09-10,Seattle,0.0,254,9,False
2020-09-11,Seattle,0.0,255,9,False
2020-09-12,Seattle,0.0,256,9,False
2020-09-13,Seattle,0.0,257,9,False
2020-09-14,Seattle,0.05,258,9,True
2020-09-15,Seattle,0.01,259,9,True
2020-09-16,Seattle,0.0,260,9,False
2020-09-17,Seattle,0.0,261,9,False
2020-09-18,Seattle,0.29,262,9,True
2020-09-19,Seattle,0.04,263,9,True
2020-09-20,Seattle,0.07,264,9,True
2020-09-21,Seattle,0.0,265,9,False
2020-09-22,Seattle,0.11,266,9,True
2020-09-23,Seattle,1.08,267,9,True
2020-09-24,Seattle,0.08,268,9,True
2020-09-25,Seattle,0.75,269,9,True
2020-09-26,Seattle,0.0,270,9,False
2020-09-27,Seattle,0.0,271,9,False
2020-09-28,Seattle,0.0,272,9,False
2020-09-29,Seattle,0.0,273,9,False
2020-09-30,Seattle,0.0,274,9,False
2020-10-01,Seattle,0.0,275,10,False
2020-10-02,Seattle,0.0,276,10,False
2020-10-03,Seattle,0.0,277,10,False
2020-10-04,Seattle,0.0,278,10,False
2020-10-05,Seattle,0.0,279,10,False
2020-10-06,Seattle,0.0,280,10,False
2020-10-07,Seattle,0.0,281,10,False
2020-10-08,Seattle,0.0,282,10,False
2020-10-09,Seattle,0.52,283,10,True
2020-10-10,Seattle,0.49,284,10,True
2020-10-11,Seattle,0.61,285,10,True
2020-10-12,Seattle,0.0,286,10,False
2020-10-13,Seattle,0.57,287,10,True
2020-10-14,Seattle,0.0,288,10,False
2020-10-15,Seattle,0.0,289,10,False
2020-10-16,Seattle,0.07,290,10,True
2020-10-17,Seattle,0.03,291,10,True
2020-10-18,Seattle,0.01,292,10,True
2020-10-19,Seattle,0.06,293,10,True
2020-10-20,Seattle,0.0,294,10,False
2020-10-21,Seattle,0.05,295,10,True
2020-10-22,Seattle,0.0,296,10,False
2020-10-23,Seattle,0.11,297,10,True
2020-10-24,Seattle,0.0,298,10,False
2020-10-25,Seattle,0.0,299,10,False
2020-10-26,Seattle,0.0,300,10,False
2020-10-27,Seattle,0.0,301,10,False
2020-10-28,Seattle,0.0,302,10,False
2020-10-29,Seattle,0.02,303,10,True
2020-10-30,Seattle,0.04,304,10,True
2020-10-31,Seattle,0.0,305,10,False
2020-11-01,Seattle,0.0,306,11,False
2020-11-02,Seattle,0.0,307,11,False
2020-11-03,Seattle,0.9,308,11,True
2020-11-04,Seattle,0.18,309,11,True
2020-11-05,Seattle,0.32,310,11,True
2020-11-06,Seattle,0.0,311,11,False
2020-11-07,Seattle,0.01,312,11,True
2020-11-08,Seattle,0.0,313,11,False
2020-11-09,Seattle,0.06,314,11,True
2020-11-10,Seattle,0.04,315,11,True
2020-11-11,Seattle,0.0,316,11,False
2020-11-12,Seattle,0.38,317,11,True
2020-11-13,Seattle,0.49,318,11,True
2020-11-14,Seattle,0.56,319,11,True
2020-11-15,Seattle,0.2,320,11,True
2020-11-16,Seattle,0.49,321,11,True
2020-11-17,Seattle,0.53,322,11,True
2020-11-18,Seattle,0.39,323,11,True
2020-11-19,Seattle,0.16,324,11,True
2020-11-20,Seattle,0.01,325,11,True
2020-11-21,Seattle,0.02,326,11,True
2020-11-22,Seattle,0.11,327,11,True
2020-11-23,Seattle,0.12,328,11,True
2020-11-24,Seattle,0.13,329,11,True
2020-11-25,Seattle,0.03,330,11,True
2020-11-26,Seattle,0.0,331,11,False
2020-11-27,Seattle,0.0,332,11,False
2020-11-28,Seattle,0.02,333,11,True
2020-11-29,Seattle,0.0,334,11,False
2020-11-30,Seattle,0.43,335,11,True
2020-12-01,Seattle,0.0,336,12,False
2020-12-02,Seattle,0.0,337,12,False
2020-12-03,Seattle,0.0,338,12,False
2020-12-04,Seattle,0.0,339,12,False
2020-12-05,Seattle,0.0,340,12,False
2020-12-06,Seattle,0.03,341,12,True
2020-12-07,Seattle,0.0,342,12,False
2020-12-08,Seattle,0.73,343,12,True
2020-12-09,Seattle,0.17,344,12,True
2020-12-10,Seattle,0.04,345,12,True
2020-12-11,Seattle,0.0,346,12,False
2020-12-12,Seattle,0.0,347,12,False
2020-12-13,Seattle,0.2,348,12,True
2020-12-14,Seattle,0.1,349,12,True
2020-12-15,Seattle,0.42,350,12,True
2020-12-16,Seattle,0.49,351,12,True
2020-12-17,Seattle,0.07,352,12,True
2020-12-18,Seattle,0.19,353,12,True
2020-12-19,Seattle,0.45,354,12,True
2020-12-20,Seattle,0.06,355,12,True
2020-12-21,Seattle,1.64,356,12,True
2020-12-22,Seattle,0.0,357,12,False
2020-12-23,Seattle,0.0,358,12,False
2020-12-24,Seattle,0.0,359,12,False
2020-12-25,Seattle,0.34,360,12,True
2020-12-26,Seattle,0.11,361,12,True
2020-12-27,Seattle,0.13,362,12,True
2020-12-28,Seattle,0.0,363,12,False
2020-12-29,Seattle,0.16,364,12,True
2020-12-30,Seattle,0.97,365,12,True
2020-12-31,Seattle,0.35,366,12,True
2021-01-01,Seattle,0.42,1,1,True
2021-01-02,Seattle,1.71,2,1,True
2021-01-03,Seattle,0.44,3,1,True
2021-01-04,Seattle,0.39,4,1,True
2021-01-05,Seattle,0.66,5,1,True
2021-01-06,Seattle,0.19,6,1,True
2021-01-07,Seattle,0.0,7,1,False
2021-01-08,Seattle,0.22,8,1,True
2021-01-09,Seattle,0.0,9,1,False
2021-01-10,Seattle,0.12,10,1,True
2021-01-11,Seattle,0.97,11,1,True
2021-01-12,Seattle,2.33,12,1,True
2021-01-13,Seattle,0.08,13,1,True
2021-01-14,Seattle,0.05,14,1,True
2021-01-15,Seattle,0.11,15,1,True
2021-01-16,Seattle,0.0,16,1,False
2021-01-17,Seattle,0.04,17,1,True
2021-01-18,Seattle,0.0,18,1,False
2021-01-19,Seattle,0.0,19,1,False
2021-01-20,Seattle,0.0,20,1,False
2021-01-21,Seattle,0.04,21,1,True
2021-01-22,Seattle,0.0,22,1,False
2021-01-23,Seattle,0.0,23,1,False
2021-01-24,Seattle,0.18,24,1,True
2021-01-25,Seattle,0.0,25,1,False
2021-01-26,Seattle,0.0,26,1,False
2021-01-27,Seattle,0.12,27,1,True
2021-01-28,Seattle,0.27,28,1,True
2021-01-29,Seattle,0.07,29,1,True
2021-01-30,Seattle,0.16,30,1,True
2021-01-31,Seattle,0.18,31,1,True
2021-02-01,Seattle,0.88,32,2,True
2021-02-02,Seattle,0.61,33,2,True
2021-02-03,Seattle,0.07,34,2,True
2021-02-04,Seattle,0.01,35,2,True
2021-02-05,Seattle,0.0,36,2,False
2021-02-06,Seattle,0.0,37,2,False
2021-02-07,Seattle,0.04,38,2,True
2021-02-08,Seattle,0.0,39,2,False
2021-02-09,Seattle,0.0,40,2,False
2021-02-10,Seattle,0.0,41,2,False
2021-02-11,Seattle,0.0,42,2,False
2021-02-12,Seattle,0.14,43,2,True
2021-02-13,Seattle,0.57,44,2,True
2021-02-14,Seattle,0.31,45,2,True
2021-02-15,Seattle,0.41,46,2,True
2021-02-16,Seattle,0.0,47,2,False
2021-02-17,Seattle,0.0,48,2,False
2021-02-18,Seattle,0.08,49,2,True
2021-02-19,Seattle,0.14,50,2,True
2021-02-20,Seattle,0.0,51,2,False
2021-02-21,Seattle,0.32,52,2,True
2021-02-22,Seattle,0.35,53,2,True
2021-02-23,Seattle,0.36,54,2,True
2021-02-24,Seattle,0.01,55,2,True
2021-02-25,Seattle,0.24,56,2,True
2021-02-26,Seattle,0.13,57,2,True
2021-02-27,Seattle,0.0,58,2,False
2021-02-28,Seattle,0.01,59,2,True
2021-03-01,Seattle,0.0,60,3,False
2021-03-02,Seattle,0.0,61,3,False
2021-03-03,Seattle,0.0,62,3,False
2021-03-04,Seattle,0.3,63,3,True
2021-03-05,Seattle,0.04,64,3,True
2021-03-06,Seattle,0.01,65,3,True
2021-03-07,Seattle,0.14,66,3,True
2021-03-08,Seattle,0.0,67,3,False
2021-03-09,Seattle,0.0,68,3,False
2021-03-10,Seattle,0.0,69,3,False
2021-03-11,Seattle,0.0,70,3,False
2021-03-12,Seattle,0.0,71,3,False
2021-03-13,Seattle,0.0,72,3,False
2021-03-14,Seattle,0.29,73,3,True
2021-03-15,Seattle,0.0,74,3,False
2021-03-16,Seattle,0.0,75,3,False
2021-03-17,Seattle,0.0,76,3,False
2021-03-18,Seattle,0.14,77,3,True
2021-03-19,Seattle,0.05,78,3,True
2021-03-20,Seattle,0.25,79,3,True
2021-03-21,Seattle,0.08,80,3,True
2021-03-22,Seattle,0.08,81,3,True
2021-03-23,Seattle,0.0,82,3,False
2021-03-24,Seattle,0.35,83,3,True
2021-03-25,Seattle,0.55,84,3,True
2021-03-26,Seattle,0.0,85,3,False
2021-03-27,Seattle,0.0,86,3,False
2021-03-28,Seattle,0.33,87,3,True
2021-03-29,Seattle,0.0,88,3,False
2021-03-30,Seattle,0.0,89,3,False
2021-03-31,Seattle,0.0,90,3,False
2021-04-01,Seattle,0.0,91,4,False
2021-04-02,Seattle,0.0,92,4,False
2021-04-03,Seattle,0.0,93,4,False
2021-04-04,Seattle,0.0,94,4,False
2021-04-05,Seattle,0.0,95,4,False
2021-04-06,Seattle,0.0,96,4,False
2021-04-07,Seattle,0.23,97,4,True
2021-04-08,Seattle,0.02,98,4,True
2021-04-09,Seattle,0.01,99,4,True
2021-04-10,Seattle,0.01,100,4,True
2021-04-11,Seattle,0.0,101,4,False
2021-04-12,Seattle,0.0,102,4,False
2021-04-13,Seattle,0.0,103,4,False
2021-04-14,Seattle,0.0,104,4,False
2021-04-15,Seattle,0.0,105,4,False
2021-04-16,Seattle,0.0,106,4,False
2021-04-17,Seattle,0.0,107,4,False
2021-04-18,Seattle,0.0,108,4,False
2021-04-19,Seattle,0.0,109,4,False
2021-04-20,Seattle,0.0,110,4,False
2021-04-21,Seattle,0.0,111,4,False
2021-04-22,Seattle,0.0,112,4,False
2021-04-23,Seattle,0.04,113,4,True
2021-04-24,Seattle,0.51,114,4,True
2021-04-25,Seattle,0.1,115,4,True
2021-04-26,Seattle,0.0,116,4,False
2021-04-27,Seattle,0.0,117,4,False
2021-04-28,Seattle,0.0,118,4,False
2021-04-29,Seattle,0.0,119,4,False
2021-04-30,Seattle,0.11,120,4,True
2021-05-01,Seattle,0.03,121,5,True
2021-05-02,Seattle,0.0,122,5,False
2021-05-03,Seattle,0.25,123,5,True
2021-05-04,Seattle,0.03,124,5,True
2021-05-05,Seattle,0.0,125,5,False
2021-05-06,Seattle,0.0,126,5,False
2021-05-07,Seattle,0.0,127,5,False
2021-05-08,Seattle,0.0,128,5,False
2021-05-09,Seattle,0.1,129,5,True
2021-05-10,Seattle,0.0,130,5,False
2021-05-11,Seattle,0.0,131,5,False
2021-05-12,Seattle,0.0,132,5,False
2021-05-13,Seattle,0.0,133,5,False
2021-05-14,Seattle,0.0,134,5,False
2021-05-15,Seattle,0.0,135,5,False
2021-05-16,Seattle,0.0,136,5,False
2021-05-17,Seattle,0.07,137,5,True
2021-05-18,Seattle,0.07,138,5,True
2021-05-19,Seattle,0.0,139,5,False
2021-05-20,Seattle,0.01,140,5,True
2021-05-21,Seattle,0.0,141,5,False
2021-05-22,Seattle,0.0,142,5,False
2021-05-23,Seattle,0.0,143,5,False
2021-05-24,Seattle,0.13,144,5,True
2021-05-25,Seattle,0.0,145,5,False
2021-05-26,Seattle,0.0,146,5,False
2021-05-27,Seattle,0.43,147,5,True
2021-05-28,Seattle,0.0,148,5,False
2021-05-29,Seattle,0.0,149,5,False
2021-05-30,Seattle,0.0,150,5,False
2021-05-31,Seattle,0.0,151,5,False
2021-06-01,Seattle,0.0,152,6,False
2021-06-02,Seattle,0.0,153,6,False
2021-06-03,Seattle,0.0,154,6,False
2021-06-04,Seattle,0.0,155,6,False
2021-06-05,Seattle,0.0,156,6,False
2021-06-06,Seattle,0.35,157,6,True
2021-06-07,Seattle,0.11,158,6,True
2021-06-08,Seattle,0.01,159,6,True
2021-06-09,Seattle,0.0,160,6,False
2021-06-10,Seattle,0.0,161,6,False
2021-06-11,Seattle,0.46,162,6,True
2021-06-12,Seattle,0.13,163,6,True
2021-06-13,Seattle,0.81,164,6,True
2021-06-14,Seattle,0.04,165,6,True
2021-06-15,Seattle,0.0,166,6,False
2021-06-16,Seattle,0.0,167,6,False
2021-06-17,Seattle,0.0,168,6,False
2021-06-18,Seattle,0.0,169,6,False
2021-06-19,Seattle,0.0,170,6,False
2021-06-20,Seattle,0.0,171,6,False
2021-06-21,Seattle,0.0,172,6,False
2021-06-22,Seattle,0.0,173,6,False
2021-06-23,Seattle,0.0,174,6,False
2021-06-24,Seattle,0.0,175,6,False
2021-06-25,Seattle,0.0,176,6,False
2021-06-26,Seattle,0.0,177,6,False
2021-06-27,Seattle,0.0,178,6,False
2021-06-28,Seattle,0.0,179,6,False
2021-06-29,Seattle,0.0,180,6,False
2021-06-30,Seattle,0.0,181,6,False
2021-07-01,Seattle,0.0,182,7,False
2021-07-02,Seattle,0.0,183,7,False
2021-07-03,Seattle,0.0,184,7,False
2021-07-04,Seattle,0.0,185,7,False
2021-07-05,Seattle,0.0,186,7,False
2021-07-06,Seattle,0.0,187,7,False
2021-07-07,Seattle,0.0,188,7,False
2021-07-08,Seattle,0.0,189,7,False
2021-07-09,Seattle,0.0,190,7,False
2021-07-10,Seattle,0.0,191,7,False
2021-07-11,Seattle,0.0,192,7,False
2021-07-12,Seattle,0.0,193,7,False
2021-07-13,Seattle,0.0,194,7,False
2021-07-14,Seattle,0.0,195,7,False
2021-07-15,Seattle,0.0,196,7,False
2021-07-16,Seattle,0.0,197,7,False
2021-07-17,Seattle,0.0,198,7,False
2021-07-18,Seattle,0.0,199,7,False
2021-07-19,Seattle,0.0,200,7,False
2021-07-20,Seattle,0.0,201,7,False
2021-07-21,Seattle,0.0,202,7,False
2021-07-22,Seattle,0.0,203,7,False
2021-07-23,Seattle,0.0,204,7,False
2021-07-24,Seattle,0.0,205,7,False
2021-07-25,Seattle,0.0,206,7,False
2021-07-26,Seattle,0.0,207,7,False
2021-07-27,Seattle,0.0,208,7,False
2021-07-28,Seattle,0.0,209,7,False
2021-07-29,Seattle,0.0,210,7,False
2021-07-30,Seattle,0.0,211,7,False
2021-07-31,Seattle,0.0,212,7,False
2021-08-01,Seattle,0.0,213,8,False
2021-08-02,Seattle,0.0,214,8,False
2021-08-03,Seattle,0.0,215,8,False
2021-08-04,Seattle,0.0,216,8,False
2021-08-05,Seattle,0.05,217,8,True
2021-08-06,Seattle,0.03,218,8,True
2021-08-07,Seattle,0.0,219,8,False
2021-08-08,Seattle,0.0,220,8,False
2021-08-09,Seattle,0.0,221,8,False
2021-08-10,Seattle,0.0,222,8,False
2021-08-11,Seattle,0.0,223,8,False
2021-08-12,Seattle,0.0,224,8,False
2021-08-13,Seattle,0.0,225,8,False
2021-08-14,Seattle,0.0,226,8,False
2021-08-15,Seattle,0.0,227,8,False
2021-08-16,Seattle,0.0,228,8,False
2021-08-17,Seattle,0.0,229,8,False
2021-08-18,Seattle,0.0,230,8,False
2021-08-19,Seattle,0.0,231,8,False
2021-08-20,Seattle,0.0,232,8,False
2021-08-21,Seattle,0.0,233,8,False
2021-08-22,Seattle,0.0,234,8,False
2021-08-23,Seattle,0.0,235,8,False
2021-08-24,Seattle,0.0,236,8,False
2021-08-25,Seattle,0.0,237,8,False
2021-08-26,Seattle,0.01,238,8,True
2021-08-27,Seattle,0.02,239,8,True
2021-08-28,Seattle,0.0,240,8,False
2021-08-29,Seattle,0.0,241,8,False
2021-08-30,Seattle,0.0,242,8,False
2021-08-31,Seattle,0.0,243,8,False
2021-09-01,Seattle,0.0,244,9,False
2021-09-02,Seattle,0.0,245,9,False
2021-09-03,Seattle,0.0,246,9,False
2021-09-04,Seattle,0.0,247,9,False
2021-09-05,Seattle,0.0,248,9,False
2021-09-06,Seattle,0.0,249,9,False
2021-09-07,Seattle,0.0,250,9,False
2021-09-08,Seattle,0.0,251,9,False
2021-09-09,Seattle,0.0,252,9,False
2021-09-10,Seattle,0.0,253,9,False
2021-09-11,Seattle,0.0,254,9,False
2021-09-12,Seattle,0.02,255,9,True
2021-09-13,Seattle,0.0,256,9,False
2021-09-14,Seattle,0.0,257,9,False
2021-09-15,Seattle,0.13,258,9,True
2021-09-16,Seattle,0.0,259,9,False
2021-09-17,Seattle,0.58,260,9,True
2021-09-18,Seattle,0.81,261,9,True
2021-09-19,Seattle,0.0,262,9,False
2021-09-20,Seattle,0.0,263,9,False
2021-09-21,Seattle,0.0,264,9,False
2021-09-22,Seattle,0.01,265,9,True
2021-09-23,Seattle,0.0,266,9,False
2021-09-24,Seattle,0.0,267,9,False
2021-09-25,Seattle,0.0,268,9,False
2021-09-26,Seattle,0.48,269,9,True
2021-09-27,Seattle,0.34,270,9,True
2021-09-28,Seattle,0.05,271,9,True
2021-09-29,Seattle,0.08,272,9,True
2021-09-30,Seattle,0.52,273,9,True
2021-10-01,Seattle,0.0,274,10,False
2021-10-02,Seattle,0.0,275,10,False
2021-10-03,Seattle,0.02,276,10,True
2021-10-04,Seattle,0.0,277,10,False
2021-10-05,Seattle,0.33,278,10,True
2021-10-06,Seattle,0.03,279,10,True
2021-10-07,Seattle,0.0,280,10,False
2021-10-08,Seattle,0.0,281,10,False
2021-10-09,Seattle,0.05,282,10,True
2021-10-10,Seattle,0.46,283,10,True
2021-10-11,Seattle,0.06,284,10,True
2021-10-12,Seattle,0.09,285,10,True
2021-10-13,Seattle,0.02,286,10,True
2021-10-14,Seattle,0.09,287,10,True
2021-10-15,Seattle,0.02,288,10,True
2021-10-16,Seattle,0.0,289,10,False
2021-10-17,Seattle,0.01,290,10,True
2021-10-18,Seattle,0.0,291,10,False
2021-10-19,Seattle,0.0,292,10,False
2021-10-20,Seattle,0.29,293,10,True
2021-10-21,Seattle,0.54,294,10,True
2021-10-22,Seattle,0.06,295,10,True
2021-10-23,Seattle,0.15,296,10,True
2021-10-24,Seattle,0.32,297,10,True
2021-10-25,Seattle,0.16,298,10,True
2021-10-26,Seattle,0.38,299,10,True
2021-10-27,Seattle,0.12,300,10,True
2021-10-28,Seattle,1.99,301,10,True
2021-10-29,Seattle,0.57,302,10,True
2021-10-30,Seattle,0.0,303,10,False
2021-10-31,Seattle,0.0,304,10,False
2021-11-01,Seattle,0.14,305,11,True
2021-11-02,Seattle,0.22,306,11,True
2021-11-03,Seattle,0.52,307,11,True
2021-11-04,Seattle,0.53,308,11,True
2021-11-05,Seattle,0.1,309,11,True
2021-11-06,Seattle,0.41,310,11,True
2021-11-07,Seattle,0.5,311,11,True
2021-11-08,Seattle,0.0,312,11,False
2021-11-09,Seattle,0.63,313,11,True
2021-11-10,Seattle,0.06,314,11,True
2021-11-11,Seattle,1.26,315,11,True
2021-11-12,Seattle,0.68,316,11,True
2021-11-13,Seattle,0.94,317,11,True
2021-11-14,Seattle,0.9,318,11,True
2021-11-15,Seattle,0.2,319,11,True
2021-11-16,Seattle,0.0,320,11,False
2021-11-17,Seattle,0.0,321,11,False
2021-11-18,Seattle,0.41,322,11,True
2021-11-19,Seattle,0.28,323,11,True
2021-11-20,Seattle,0.02,324,11,True
2021-11-21,Seattle,0.0,325,11,False
2021-11-22,Seattle,0.1,326,11,True
2021-11-23,Seattle,0.5,327,11,True
2021-11-24,Seattle,0.02,328,11,True
2021-11-25,Seattle,0.69,329,11,True
2021-11-26,Seattle,0.03,330,11,True
2021-11-27,Seattle,0.91,331,11,True
2021-11-28,Seattle,0.09,332,11,True
2021-11-29,Seattle,0.0,333,11,False
2021-11-30,Seattle,0.12,334,11,True
2021-12-01,Seattle,0.0,335,12,False
2021-12-02,Seattle,0.11,336,12,True
2021-12-03,Seattle,0.0,337,12,False
2021-12-04,Seattle,0.47,338,12,True
2021-12-05,Seattle,0.0,339,12,False
2021-12-06,Seattle,0.1,340,12,True
2021-12-07,Seattle,0.07,341,12,True
2021-12-08,Seattle,0.03,342,12,True
2021-12-09,Seattle,0.0,343,12,False
2021-12-10,Seattle,0.15,344,12,True
2021-12-11,Seattle,0.48,345,12,True
2021-12-12,Seattle,0.17,346,12,True
2021-12-13,Seattle,0.13,347,12,True
2021-12-14,Seattle,0.14,348,12,True
2021-12-15,Seattle,0.08,349,12,True
2021-12-16,Seattle,0.05,350,12,True
2021-12-17,Seattle,0.18,351,12,True
2021-12-18,Seattle,0.3025,352,12,True
2021-12-19,Seattle,0.0,353,12,False
2021-12-20,Seattle,0.26,354,12,True
2021-12-21,Seattle,0.19,355,12,True
2021-12-22,Seattle,0.43,356,12,True
2021-12-23,Seattle,0.16,357,12,True
2021-12-24,Seattle,0.33,358,12,True
2021-12-25,Seattle,0.13,359,12,True
2021-12-26,Seattle,0.26,360,12,True
2021-12-27,Seattle,0.03,361,12,True
2021-12-28,Seattle,0.11499999999999999,362,12,True
2021-12-29,Seattle,0.13,363,12,True
2021-12-30,Seattle,0.3425,364,12,True
2021-12-31,Seattle,0.0,365,12,False
2022-01-01,Seattle,0.0,1,1,False
2022-01-02,Seattle,0.79,2,1,True
2022-01-03,Seattle,0.49,3,1,True
2022-01-04,Seattle,0.22,4,1,True
2022-01-05,Seattle,0.33,5,1,True
2022-01-06,Seattle,2.0,6,1,True
2022-01-07,Seattle,0.38,7,1,True
2022-01-08,Seattle,0.0,8,1,False
2022-01-09,Seattle,0.0,9,1,False
2022-01-10,Seattle,0.27,10,1,True
2022-01-11,Seattle,1.7,11,1,True
2022-01-12,Seattle,0.14,12,1,True
2022-01-13,Seattle,0.24,13,1,True
2022-01-14,Seattle,0.0,14,1,False
2022-01-15,Seattle,0.0,15,1,False
2022-01-16,Seattle,0.0,16,1,False
2022-01-17,Seattle,0.02,17,1,True
2022-01-18,Seattle,0.03,18,1,True
2022-01-19,Seattle,0.01,19,1,True
2022-01-20,Seattle,0.16,20,1,True
2022-01-21,Seattle,0.0,21,1,False
2022-01-22,Seattle,0.0,22,1,False
2022-01-23,Seattle,0.0,23,1,False
2022-01-24,Seattle,0.0,24,1,False
2022-01-25,Seattle,0.0,25,1,False
2022-01-26,Seattle,0.0,26,1,False
2022-01-27,Seattle,0.0,27,1,False
2022-01-28,Seattle,0.0,28,1,False
2022-01-29,Seattle,0.0,29,1,False
2022-01-30,Seattle,0.28,30,1,True
2022-01-31,Seattle,0.0,31,1,False
2022-02-01,Seattle,0.0,32,2,False
2022-02-02,Seattle,0.0,33,2,False
2022-02-03,Seattle,0.14,34,2,True
2022-02-04,Seattle,0.03,35,2,True
2022-02-05,Seattle,0.04,36,2,True
2022-02-06,Seattle,0.0,37,2,False
2022-02-07,Seattle,0.0,38,2,False
2022-02-08,Seattle,0.0,39,2,False
2022-02-09,Seattle,0.0,40,2,False
2022-02-10,Seattle,0.0,41,2,False
2022-02-11,Seattle,0.0,42,2,False
2022-02-12,Seattle,0.0,43,2,False
2022-02-13,Seattle,0.0,44,2,False
2022-02-14,Seattle,0.1,45,2,True
2022-02-15,Seattle,0.0,46,2,False
2022-02-16,Seattle,0.0,47,2,False
2022-02-17,Seattle,0.0,48,2,False
2022-02-18,Seattle,0.0,49,2,False
2022-02-19,Seattle,0.01,50,2,True
2022-02-20,Seattle,0.36,51,2,True
2022-02-21,Seattle,0.06,52,2,True
2022-02-22,Seattle,0.0,53,2,False
2022-02-23,Seattle,0.0,54,2,False
2022-02-24,Seattle,0.0,55,2,False
2022-02-25,Seattle,0.0,56,2,False
2022-02-26,Seattle,0.36,57,2,True
2022-02-27,Seattle,1.25,58,2,True
2022-02-28,Seattle,2.97,59,2,True
2022-03-01,Seattle,0.15,60,3,True
2022-03-02,Seattle,0.25,61,3,True
2022-03-03,Seattle,0.16,62,3,True
2022-03-04,Seattle,0.46,63,3,True
2022-03-05,Seattle,0.0,64,3,False
2022-03-06,Seattle,0.0,65,3,False
2022-03-07,Seattle,0.0,66,3,False
2022-03-08,Seattle,0.08,67,3,True
2022-03-09,Seattle,0.0,68,3,False
2022-03-10,Seattle,0.0,69,3,False
2022-03-11,Seattle,0.0,70,3,False
2022-03-12,Seattle,0.02,71,3,True
2022-03-13,Seattle,0.1,72,3,True
2022-03-14,Seattle,0.59,73,3,True
2022-03-15,Seattle,0.22,74,3,True
2022-03-16,Seattle,0.0,75,3,False
2022-03-17,Seattle,0.02,76,3,True
2022-03-18,Seattle,0.21,77,3,True
2022-03-19,Seattle,0.31,78,3,True
2022-03-20,Seattle,0.21,79,3,True
2022-03-21,Seattle,0.41,80,3,True
2022-03-22,Seattle,0.02,81,3,True
2022-03-23,Seattle,0.09,82,3,True
2022-03-24,Seattle,0.0,83,3,False
2022-03-25,Seattle,0.0,84,3,False
2022-03-26,Seattle,0.01,85,3,True
2022-03-27,Seattle,0.0,86,3,False
2022-03-28,Seattle,0.0,87,3,False
2022-03-29,Seattle,0.0,88,3,False
2022-03-30,Seattle,0.0,89,3,False
2022-03-31,Seattle,0.01,90,3,True
2022-04-01,Seattle,0.05,91,4,True
2022-04-02,Seattle,0.0,92,4,False
2022-04-03,Seattle,0.23,93,4,True
2022-04-04,Seattle,0.55,94,4,True
2022-04-05,Seattle,0.01,95,4,True
2022-04-06,Seattle,0.0,96,4,False
2022-04-07,Seattle,0.0,97,4,False
2022-04-08,Seattle,0.06,98,4,True
2022-04-09,Seattle,0.23,99,4,True
2022-04-10,Seattle,0.05,100,4,True
2022-04-11,Seattle,0.02,101,4,True
2022-04-12,Seattle,0.01,102,4,True
2022-04-13,Seattle,0.0,103,4,False
2022-04-14,Seattle,0.13,104,4,True
2022-04-15,Seattle,0.0,105,4,False
2022-04-16,Seattle,0.01,106,4,True
2022-04-17,Seattle,0.0,107,4,False
2022-04-18,Seattle,0.23,108,4,True
2022-04-19,Seattle,0.14,109,4,True
2022-04-20,Seattle,0.08,110,4,True
2022-04-21,Seattle,0.18,111,4,True
2022-04-22,Seattle,0.01,112,4,True
2022-04-23,Seattle,0.0,113,4,False
2022-04-24,Seattle,0.0,114,4,False
2022-04-25,Seattle,0.14,115,4,True
2022-04-26,Seattle,0.05,116,4,True
2022-04-27,Seattle,0.0,117,4,False
2022-04-28,Seattle,0.0,118,4,False
2022-04-29,Seattle,0.14,119,4,True
2022-04-30,Seattle,0.39,120,4,True
2022-05-01,Seattle,0.0,121,5,False
2022-05-02,Seattle,0.37,122,5,True
2022-05-03,Seattle,0.0,123,5,False
2022-05-04,Seattle,0.0,124,5,False
2022-05-05,Seattle,0.44,125,5,True
2022-05-06,Seattle,0.64,126,5,True
2022-05-07,Seattle,0.47,127,5,True
2022-05-08,Seattle,0.02,128,5,True
2022-05-09,Seattle,0.01,129,5,True
2022-05-10,Seattle,0.0,130,5,False
2022-05-11,Seattle,0.02,131,5,True
2022-05-12,Seattle,0.29,132,5,True
2022-05-13,Seattle,0.0,133,5,False
2022-05-14,Seattle,0.03,134,5,True
2022-05-15,Seattle,0.65,135,5,True
2022-05-16,Seattle,0.0,136,5,False
2022-05-17,Seattle,0.0,137,5,False
2022-05-18,Seattle,0.24,138,5,True
2022-05-19,Seattle,0.0,139,5,False
2022-05-20,Seattle,0.0,140,5,False
2022-05-21,Seattle,0.0,141,5,False
2022-05-22,Seattle,0.0,142,5,False
2022-05-23,Seattle,0.0,143,5,False
2022-05-24,Seattle,0.0,144,5,False
2022-05-25,Seattle,0.02,145,5,True
2022-05-26,Seattle,0.24,146,5,True
2022-05-27,Seattle,0.0,147,5,False
2022-05-28,Seattle,0.15,148,5,True
2022-05-29,Seattle,0.23,149,5,True
2022-05-30,Seattle,0.0,150,5,False
2022-05-31,Seattle,0.0,151,5,False
2022-06-01,Seattle,0.0,152,6,False
2022-06-02,Seattle,0.03,153,6,True
2022-06-03,Seattle,0.17,154,6,True
2022-06-04,Seattle,0.27,155,6,True
2022-06-05,Seattle,0.56,156,6,True
2022-06-06,Seattle,0.0,157,6,False
2022-06-07,Seattle,0.0,158,6,False
2022-06-08,Seattle,0.0,159,6,False
2022-06-09,Seattle,1.1,160,6,True
2022-06-10,Seattle,0.17,161,6,True
2022-06-11,Seattle,0.01,162,6,True
2022-06-12,Seattle,0.01,163,6,True
2022-06-13,Seattle,0.11,164,6,True
2022-06-14,Seattle,0.01,165,6,True
2022-06-15,Seattle,0.0,166,6,False
2022-06-16,Seattle,0.01,167,6,True
2022-06-17,Seattle,0.16,168,6,True
2022-06-18,Seattle,0.01,169,6,True
2022-06-19,Seattle,0.0,170,6,False
2022-06-20,Seattle,0.0,171,6,False
2022-06-21,Seattle,0.0,172,6,False
2022-06-22,Seattle,0.04,173,6,True
2022-06-23,Seattle,0.0,174,6,False
2022-06-24,Seattle,0.0,175,6,False
2022-06-25,Seattle,0.0,176,6,False
2022-06-26,Seattle,0.0,177,6,False
2022-06-27,Seattle,0.0,178,6,False
2022-06-28,Seattle,0.01,179,6,True
2022-06-29,Seattle,0.0,180,6,False
2022-06-30,Seattle,0.0,181,6,False
2022-07-01,Seattle,0.0,182,7,False
2022-07-02,Seattle,0.0,183,7,False
2022-07-03,Seattle,0.09,184,7,True
2022-07-04,Seattle,0.0,185,7,False
2022-07-05,Seattle,0.02,186,7,True
2022-07-06,Seattle,0.05,187,7,True
2022-07-07,Seattle,0.0,188,7,False
2022-07-08,Seattle,0.0,189,7,False
2022-07-09,Seattle,0.0,190,7,False
2022-07-10,Seattle,0.0,191,7,False
2022-07-11,Seattle,0.0,192,7,False
2022-07-12,Seattle,0.0,193,7,False
2022-07-13,Seattle,0.0,194,7,False
2022-07-14,Seattle,0.0,195,7,False
2022-07-15,Seattle,0.0,196,7,False
2022-07-16,Seattle,0.0,197,7,False
2022-07-17,Seattle,0.01,198,7,True
2022-07-18,Seattle,0.01,199,7,True
2022-07-19,Seattle,0.0,200,7,False
2022-07-20,Seattle,0.0,201,7,False
2022-07-21,Seattle,0.0,202,7,False
2022-07-22,Seattle,0.0,203,7,False
2022-07-23,Seattle,0.0,204,7,False
2022-07-24,Seattle,0.0,205,7,False
2022-07-25,Seattle,0.0,206,7,False
2022-07-26,Seattle,0.0,207,7,False
2022-07-27,Seattle,0.0,208,7,False
2022-07-28,Seattle,0.0,209,7,False
2022-07-29,Seattle,0.0,210,7,False
2022-07-30,Seattle,0.0,211,7,False
2022-07-31,Seattle,0.0,212,7,False
2022-08-01,Seattle,0.0,213,8,False
2022-08-02,Seattle,0.0,214,8,False
2022-08-03,Seattle,0.0,215,8,False
2022-08-04,Seattle,0.0,216,8,False
2022-08-05,Seattle,0.0,217,8,False
2022-08-06,Seattle,0.0,218,8,False
2022-08-07,Seattle,0.0,219,8,False
2022-08-08,Seattle,0.0,220,8,False
2022-08-09,Seattle,0.0,221,8,False
2022-08-10,Seattle,0.03,222,8,True
2022-08-11,Seattle,0.0,223,8,False
2022-08-12,Seattle,0.0,224,8,False
2022-08-13,Seattle,0.0,225,8,False
2022-08-14,Seattle,0.0,226,8,False
2022-08-15,Seattle,0.0,227,8,False
2022-08-16,Seattle,0.0,228,8,False
2022-08-17,Seattle,0.0,229,8,False
2022-08-18,Seattle,0.0,230,8,False
2022-08-19,Seattle,0.02,231,8,True
2022-08-20,Seattle,0.0,232,8,False
2022-08-21,Seattle,0.0,233,8,False
2022-08-22,Seattle,0.0,234,8,False
2022-08-23,Seattle,0.0,235,8,False
2022-08-24,Seattle,0.0,236,8,False
2022-08-25,Seattle,0.0,237,8,False
2022-08-26,Seattle,0.0,238,8,False
2022-08-27,Seattle,0.0,239,8,False
2022-08-28,Seattle,0.0,240,8,False
2022-08-29,Seattle,0.0,241,8,False
2022-08-30,Seattle,0.0,242,8,False
2022-08-31,Seattle,0.0,243,8,False
2022-09-01,Seattle,0.0,244,9,False
2022-09-02,Seattle,0.0,245,9,False
2022-09-03,Seattle,0.06,246,9,True
2022-09-04,Seattle,0.01,247,9,True
2022-09-05,Seattle,0.0,248,9,False
2022-09-06,Seattle,0.0,249,9,False
2022-09-07,Seattle,0.0,250,9,False
2022-09-08,Seattle,0.0,251,9,False
2022-09-09,Seattle,0.0,252,9,False
2022-09-10,Seattle,0.0,253,9,False
2022-09-11,Seattle,0.0,254,9,False
2022-09-12,Seattle,0.0,255,9,False
2022-09-13,Seattle,0.0,256,9,False
2022-09-14,Seattle,0.0,257,9,False
2022-09-15,Seattle,0.0,258,9,False
2022-09-16,Seattle,0.15,259,9,True
2022-09-17,Seattle,0.0,260,9,False
2022-09-18,Seattle,0.0,261,9,False
2022-09-19,Seattle,0.0,262,9,False
2022-09-20,Seattle,0.0,263,9,False
2022-09-21,Seattle,0.0,264,9,False
2022-09-22,Seattle,0.0,265,9,False
2022-09-23,Seattle,0.0,266,9,False
2022-09-24,Seattle,0.0,267,9,False
2022-09-25,Seattle,0.0,268,9,False
2022-09-26,Seattle,0.0,269,9,False
2022-09-27,Seattle,0.0,270,9,False
2022-09-28,Seattle,0.03,271,9,True
2022-09-29,Seattle,0.0,272,9,False
2022-09-30,Seattle,0.0,273,9,False
2022-10-01,Seattle,0.0,274,10,False
2022-10-02,Seattle,0.0,275,10,False
2022-10-03,Seattle,0.0,276,10,False
2022-10-04,Seattle,0.0,277,10,False
2022-10-05,Seattle,0.0,278,10,False
2022-10-06,Seattle,0.0,279,10,False
2022-10-07,Seattle,0.0,280,10,False
2022-10-08,Seattle,0.0,281,10,False
2022-10-09,Seattle,0.0,282,10,False
2022-10-10,Seattle,0.01,283,10,True
2022-10-11,Seattle,0.0,284,10,False
2022-10-12,Seattle,0.0,285,10,False
2022-10-13,Seattle,0.0,286,10,False
2022-10-14,Seattle,0.0,287,10,False
2022-10-15,Seattle,0.0,288,10,False
2022-10-16,Seattle,0.0,289,10,False
2022-10-17,Seattle,0.0,290,10,False
2022-10-18,Seattle,0.0,291,10,False
2022-10-19,Seattle,0.0,292,10,False
2022-10-20,Seattle,0.0,293,10,False
2022-10-21,Seattle,0.31,294,10,True
2022-10-22,Seattle,0.41,295,10,True
2022-10-23,Seattle,0.0,296,10,False
2022-10-24,Seattle,0.1,297,10,True
2022-10-25,Seattle,0.47,298,10,True
2022-10-26,Seattle,0.0,299,10,False
2022-10-27,Seattle,0.0,300,10,False
2022-10-28,Seattle,0.28,301,10,True
2022-10-29,Seattle,0.0,302,10,False
2022-10-30,Seattle,0.29,303,10,True
2022-10-31,Seattle,0.64,304,10,True
2022-11-01,Seattle,0.13,305,11,True
2022-11-02,Seattle,0.05,306,11,True
2022-11-03,Seattle,0.29,307,11,True
2022-11-04,Seattle,0.21,308,11,True
2022-11-05,Seattle,0.0,309,11,False
2022-11-06,Seattle,0.76,310,11,True
2022-11-07,Seattle,0.23,311,11,True
2022-11-08,Seattle,0.0,312,11,False
2022-11-09,Seattle,0.0,313,11,False
2022-11-10,Seattle,0.0,314,11,False
2022-11-11,Seattle,0.0,315,11,False
2022-11-12,Seattle,0.0,316,11,False
2022-11-13,Seattle,0.0,317,11,False
2022-11-14,Seattle,0.0,318,11,False
2022-11-15,Seattle,0.0,319,11,False
2022-11-16,Seattle,0.0,320,11,False
2022-11-17,Seattle,0.0,321,11,False
2022-11-18,Seattle,0.0,322,11,False
2022-11-19,Seattle,0.0,323,11,False
2022-11-20,Seattle,0.0,324,11,False
2022-11-21,Seattle,0.0,325,11,False
2022-11-22,Seattle,1.2,326,11,True
2022-11-23,Seattle,0.0,327,11,False
2022-11-24,Seattle,0.0,328,11,False
2022-11-25,Seattle,0.66,329,11,True
2022-11-26,Seattle,0.16,330,11,True
2022-11-27,Seattle,0.17,331,11,True
2022-11-28,Seattle,0.02,332,11,True
2022-11-29,Seattle,1.05,333,11,True
2022-11-30,Seattle,0.56,334,11,True
2022-12-01,Seattle,0.02,335,12,True
2022-12-02,Seattle,0.2,336,12,True
2022-12-03,Seattle,0.32,337,12,True
2022-12-04,Seattle,0.31,338,12,True
2022-12-05,Seattle,0.0,339,12,False
2022-12-06,Seattle,0.04,340,12,True
2022-12-07,Seattle,0.01,341,12,True
2022-12-08,Seattle,0.1,342,12,True
2022-12-09,Seattle,0.71,343,12,True
2022-12-10,Seattle,0.3,344,12,True
2022-12-11,Seattle,0.04,345,12,True
2022-12-12,Seattle,0.18,346,12,True
2022-12-13,Seattle,0.0,347,12,False
2022-12-14,Seattle,0.0,348,12,False
2022-12-15,Seattle,0.0,349,12,False
2022-12-16,Seattle,0.0,350,12,False
2022-12-17,Seattle,0.14,351,12,True
2022-12-18,Seattle,0.02,352,12,True
2022-12-19,Seattle,0.04,353,12,True
2022-12-20,Seattle,0.66,354,12,True
2022-12-21,Seattle,0.0,355,12,False
2022-12-22,Seattle,0.0,356,12,False
2022-12-23,Seattle,0.35,357,12,True
2022-12-24,Seattle,1.52,358,12,True
2022-12-25,Seattle,0.45,359,12,True
2022-12-26,Seattle,1.12,360,12,True
2022-12-27,Seattle,0.27,361,12,True
2022-12-28,Seattle,0.03,362,12,True
2022-12-29,Seattle,0.35,363,12,True
2022-12-30,Seattle,0.36,364,12,True
2022-12-31,Seattle,0.01,365,12,True
2018-01-01,Charlotte,0.0,1,1,False
2018-01-02,Charlotte,0.0,2,1,False
2018-01-03,Charlotte,0.0,3,1,False
2018-01-04,Charlotte,0.0,4,1,False
2018-01-05,Charlotte,0.0,5,1,False
2018-01-06,Charlotte,0.0,6,1,False
2018-01-07,Charlotte,0.0,7,1,False
2018-01-08,Charlotte,0.04,8,1,True
2018-01-09,Charlotte,0.0,9,1,False
2018-01-10,Charlotte,0.0,10,1,False
2018-01-11,Charlotte,0.15,11,1,True
2018-01-12,Charlotte,0.39,12,1,True
2018-01-13,Charlotte,0.0,13,1,False
2018-01-14,Charlotte,0.0,14,1,False
2018-01-15,Charlotte,0.0,15,1,False
2018-01-16,Charlotte,0.0,16,1,False
2018-01-17,Charlotte,0.38,17,1,True
2018-01-18,Charlotte,0.0,18,1,False
2018-01-19,Charlotte,0.0,19,1,False
2018-01-20,Charlotte,0.0,20,1,False
2018-01-21,Charlotte,0.0,21,1,False
2018-01-22,Charlotte,0.0,22,1,False
2018-01-23,Charlotte,0.37,23,1,True
2018-01-24,Charlotte,0.0,24,1,False
2018-01-25,Charlotte,0.0,25,1,False
2018-01-26,Charlotte,0.0,26,1,False
2018-01-27,Charlotte,0.01,27,1,True
2018-01-28,Charlotte,1.21,28,1,True
2018-01-29,Charlotte,0.0,29,1,False
2018-01-30,Charlotte,0.01,30,1,True
2018-01-31,Charlotte,0.0,31,1,False
2018-02-01,Charlotte,0.0,32,2,False
2018-02-02,Charlotte,0.13,33,2,True
2018-02-03,Charlotte,0.0,34,2,False
2018-02-04,Charlotte,1.15,35,2,True
2018-02-05,Charlotte,0.0,36,2,False
2018-02-06,Charlotte,0.0,37,2,False
2018-02-07,Charlotte,1.06,38,2,True
2018-02-08,Charlotte,0.0,39,2,False
2018-02-09,Charlotte,0.0,40,2,False
2018-02-10,Charlotte,0.1,41,2,True
2018-02-11,Charlotte,0.07,42,2,True
2018-02-12,Charlotte,0.02,43,2,True
2018-02-13,Charlotte,0.0,44,2,False
2018-02-14,Charlotte,0.0,45,2,False
2018-02-15,Charlotte,0.0,46,2,False
2018-02-16,Charlotte,0.0,47,2,False
2018-02-17,Charlotte,0.04,48,2,True
2018-02-18,Charlotte,0.0,49,2,False
2018-02-19,Charlotte,0.13,50,2,True
2018-02-20,Charlotte,0.0,51,2,False
2018-02-21,Charlotte,0.0,52,2,False
2018-02-22,Charlotte,0.0,53,2,False
2018-02-23,Charlotte,0.0,54,2,False
2018-02-24,Charlotte,0.0,55,2,False
2018-02-25,Charlotte,0.15,56,2,True
2018-02-26,Charlotte,0.12,57,2,True
2018-02-27,Charlotte,0.0,58,2,False
2018-02-28,Charlotte,0.07,59,2,True
2018-03-01,Charlotte,0.87,60,3,True
2018-03-02,Charlotte,0.0,61,3,False
2018-03-03,Charlotte,0.0,62,3,False
2018-03-04,Charlotte,0.0,63,3,False
2018-03-05,Charlotte,0.0,64,3,False
2018-03-06,Charlotte,0.51,65,3,True
2018-03-07,Charlotte,0.0,66,3,False
2018-03-08,Charlotte,0.0,67,3,False
2018-03-09,Charlotte,0.0,68,3,False
2018-03-10,Charlotte,0.02,69,3,True
2018-03-11,Charlotte,0.48,70,3,True
2018-03-12,Charlotte,0.53,71,3,True
2018-03-13,Charlotte,0.0,72,3,False
2018-03-14,Charlotte,0.01,73,3,True
2018-03-15,Charlotte,0.0,74,3,False
2018-03-16,Charlotte,0.0,75,3,False
2018-03-17,Charlotte,0.0,76,3,False
2018-03-18,Charlotte,0.0,77,3,False
2018-03-19,Charlotte,0.2,78,3,True
2018-03-20,Charlotte,0.86,79,3,True
2018-03-21,Charlotte,0.17,80,3,True
2018-03-22,Charlotte,0.0,81,3,False
2018-03-23,Charlotte,0.0,82,3,False
2018-03-24,Charlotte,0.36,83,3,True
2018-03-25,Charlotte,0.1,84,3,True
2018-03-26,Charlotte,0.0,85,3,False
2018-03-27,Charlotte,0.0,86,3,False
2018-03-28,Charlotte,0.0,87,3,False
2018-03-29,Charlotte,0.0,88,3,False
2018-03-30,Charlotte,0.1,89,3,True
2018-03-31,Charlotte,0.0,90,3,False
2018-04-01,Charlotte,0.0,91,4,False
2018-04-02,Charlotte,0.0,92,4,False
2018-04-03,Charlotte,0.0,93,4,False
2018-04-04,Charlotte,0.0,94,4,False
2018-04-05,Charlotte,0.0,95,4,False
2018-04-06,Charlotte,0.0,96,4,False
2018-04-07,Charlotte,0.37,97,4,True
2018-04-08,Charlotte,0.03,98,4,True
2018-04-09,Charlotte,0.01,99,4,True
2018-04-10,Charlotte,0.0,100,4,False
2018-04-11,Charlotte,0.0,101,4,False
2018-04-12,Charlotte,0.0,102,4,False
2018-04-13,Charlotte,0.0,103,4,False
2018-04-14,Charlotte,0.0,104,4,False
2018-04-15,Charlotte,1.16,105,4,True
2018-04-16,Charlotte,0.0,106,4,False
2018-04-17,Charlotte,0.0,107,4,False
2018-04-18,Charlotte,0.0,108,4,False
2018-04-19,Charlotte,0.0,109,4,False
2018-04-20,Charlotte,0.0,110,4,False
2018-04-21,Charlotte,0.0,111,4,False
2018-04-22,Charlotte,0.0,112,4,False
2018-04-23,Charlotte,2.05,113,4,True
2018-04-24,Charlotte,0.92,114,4,True
2018-04-25,Charlotte,0.21,115,4,True
2018-04-26,Charlotte,0.28,116,4,True
2018-04-27,Charlotte,0.0,117,4,False
2018-04-28,Charlotte,0.0,118,4,False
2018-04-29,Charlotte,0.0,119,4,False
2018-04-30,Charlotte,0.0,120,4,False
2018-05-01,Charlotte,0.0,121,5,False
2018-05-02,Charlotte,0.0,122,5,False
2018-05-03,Charlotte,0.0,123,5,False
2018-05-04,Charlotte,0.0,124,5,False
2018-05-05,Charlotte,0.0,125,5,False
2018-05-06,Charlotte,0.0,126,5,False
2018-05-07,Charlotte,0.22,127,5,True
2018-05-08,Charlotte,0.01,128,5,True
2018-05-09,Charlotte,0.0,129,5,False
2018-05-10,Charlotte,0.0,130,5,False
2018-05-11,Charlotte,0.0,131,5,False
2018-05-12,Charlotte,0.0,132,5,False
2018-05-13,Charlotte,0.0,133,5,False
2018-05-14,Charlotte,0.0,134,5,False
2018-05-15,Charlotte,0.14,135,5,True
2018-05-16,Charlotte,0.88,136,5,True
2018-05-17,Charlotte,0.03,137,5,True
2018-05-18,Charlotte,0.11,138,5,True
2018-05-19,Charlotte,0.0,139,5,False
2018-05-20,Charlotte,0.11,140,5,True
2018-05-21,Charlotte,0.06,141,5,True
2018-05-22,Charlotte,0.0,142,5,False
2018-05-23,Charlotte,0.0,143,5,False
2018-05-24,Charlotte,0.06,144,5,True
2018-05-25,Charlotte,0.31,145,5,True
2018-05-26,Charlotte,0.01,146,5,True
2018-05-27,Charlotte,0.0,147,5,False
2018-05-28,Charlotte,0.2,148,5,True
2018-05-29,Charlotte,0.52,149,5,True
2018-05-30,Charlotte,0.0,150,5,False
2018-05-31,Charlotte,0.74,151,5,True
2018-06-01,Charlotte,0.11,152,6,True
2018-06-02,Charlotte,0.01,153,6,True
2018-06-03,Charlotte,0.17,154,6,True
2018-06-04,Charlotte,0.0,155,6,False
2018-06-05,Charlotte,0.0,156,6,False
2018-06-06,Charlotte,0.0,157,6,False
2018-06-07,Charlotte,0.0,158,6,False
2018-06-08,Charlotte,0.0,159,6,False
2018-06-09,Charlotte,0.05,160,6,True
2018-06-10,Charlotte,0.0,161,6,False
2018-06-11,Charlotte,0.06,162,6,True
2018-06-12,Charlotte,0.0,163,6,False
2018-06-13,Charlotte,0.0,164,6,False
2018-06-14,Charlotte,0.0,165,6,False
2018-06-15,Charlotte,0.0,166,6,False
2018-06-16,Charlotte,0.0,167,6,False
2018-06-17,Charlotte,0.0,168,6,False
2018-06-18,Charlotte,0.0,169,6,False
2018-06-19,Charlotte,0.0,170,6,False
2018-06-20,Charlotte,0.18,171,6,True
2018-06-21,Charlotte,0.29,172,6,True
2018-06-22,Charlotte,0.03,173,6,True
2018-06-23,Charlotte,0.0,174,6,False
2018-06-24,Charlotte,0.16,175,6,True
2018-06-25,Charlotte,0.03,176,6,True
2018-06-26,Charlotte,0.38,177,6,True
2018-06-27,Charlotte,0.04,178,6,True
2018-06-28,Charlotte,0.0,179,6,False
2018-06-29,Charlotte,0.0,180,6,False
2018-06-30,Charlotte,0.0,181,6,False
2018-07-01,Charlotte,0.0,182,7,False
2018-07-02,Charlotte,0.0,183,7,False
2018-07-03,Charlotte,0.0,184,7,False
2018-07-04,Charlotte,0.0,185,7,False
2018-07-05,Charlotte,0.0,186,7,False
2018-07-06,Charlotte,1.57,187,7,True
2018-07-07,Charlotte,0.0,188,7,False
2018-07-08,Charlotte,0.0,189,7,False
2018-07-09,Charlotte,0.0,190,7,False
2018-07-10,Charlotte,0.0,191,7,False
2018-07-11,Charlotte,0.0,192,7,False
2018-07-12,Charlotte,0.65,193,7,True
2018-07-13,Charlotte,0.0,194,7,False
2018-07-14,Charlotte,0.06,195,7,True
2018-07-15,Charlotte,0.0,196,7,False
2018-07-16,Charlotte,0.0,197,7,False
2018-07-17,Charlotte,0.0,198,7,False
2018-07-18,Charlotte,0.0,199,7,False
2018-07-19,Charlotte,0.0,200,7,False
2018-07-20,Charlotte,0.0,201,7,False
2018-07-21,Charlotte,0.0,202,7,False
2018-07-22,Charlotte,0.91,203,7,True
2018-07-23,Charlotte,0.6,204,7,True
2018-07-24,Charlotte,0.55,205,7,True
2018-07-25,Charlotte,0.07,206,7,True
2018-07-26,Charlotte,0.0,207,7,False
2018-07-27,Charlotte,0.0,208,7,False
2018-07-28,Charlotte,0.0,209,7,False
2018-07-29,Charlotte,0.68,210,7,True
2018-07-30,Charlotte,0.0,211,7,False
2018-07-31,Charlotte,0.87,212,7,True
2018-08-01,Charlotte,0.96,213,8,True
2018-08-02,Charlotte,0.79,214,8,True
2018-08-03,Charlotte,0.29,215,8,True
2018-08-04,Charlotte,0.0,216,8,False
2018-08-05,Charlotte,0.0,217,8,False
2018-08-06,Charlotte,0.11,218,8,True
2018-08-07,Charlotte,0.22,219,8,True
2018-08-08,Charlotte,0.2,220,8,True
2018-08-09,Charlotte,0.0,221,8,False
2018-08-10,Charlotte,0.16,222,8,True
2018-08-11,Charlotte,0.01,223,8,True
2018-08-12,Charlotte,0.0,224,8,False
2018-08-13,Charlotte,0.0,225,8,False
2018-08-14,Charlotte,0.0,226,8,False
2018-08-15,Charlotte,0.0,227,8,False
2018-08-16,Charlotte,0.0,228,8,False
2018-08-17,Charlotte,0.0,229,8,False
2018-08-18,Charlotte,0.81,230,8,True
2018-08-19,Charlotte,0.0,231,8,False
2018-08-20,Charlotte,0.0,232,8,False
2018-08-21,Charlotte,0.01,233,8,True
2018-08-22,Charlotte,0.0,234,8,False
2018-08-23,Charlotte,0.0,235,8,False
2018-08-24,Charlotte,0.0,236,8,False
2018-08-25,Charlotte,0.0,237,8,False
2018-08-26,Charlotte,0.0,238,8,False
2018-08-27,Charlotte,0.06,239,8,True
2018-08-28,Charlotte,0.46,240,8,True
2018-08-29,Charlotte,0.0,241,8,False
2018-08-30,Charlotte,0.49,242,8,True
2018-08-31,Charlotte,1.16,243,8,True
2018-09-01,Charlotte,0.07,244,9,True
2018-09-02,Charlotte,0.26,245,9,True
2018-09-03,Charlotte,0.0,246,9,False
2018-09-04,Charlotte,0.01,247,9,True
2018-09-05,Charlotte,0.0,248,9,False
2018-09-06,Charlotte,0.0,249,9,False
2018-09-07,Charlotte,0.0,250,9,False
2018-09-08,Charlotte,0.0,251,9,False
2018-09-09,Charlotte,0.7,252,9,True
2018-09-10,Charlotte,0.17,253,9,True
2018-09-11,Charlotte,0.7,254,9,True
2018-09-12,Charlotte,0.03,255,9,True
2018-09-13,Charlotte,0.0,256,9,False
2018-09-14,Charlotte,0.13,257,9,True
2018-09-15,Charlotte,1.72,258,9,True
2018-09-16,Charlotte,4.28,259,9,True
2018-09-17,Charlotte,0.0,260,9,False
2018-09-18,Charlotte,0.0,261,9,False
2018-09-19,Charlotte,0.0,262,9,False
2018-09-20,Charlotte,0.0,263,9,False
2018-09-21,Charlotte,0.0,264,9,False
2018-09-22,Charlotte,0.0,265,9,False
2018-09-23,Charlotte,0.0,266,9,False
2018-09-24,Charlotte,0.0,267,9,False
2018-09-25,Charlotte,0.0,268,9,False
2018-09-26,Charlotte,0.38,269,9,True
2018-09-27,Charlotte,1.03,270,9,True
2018-09-28,Charlotte,0.0,271,9,False
2018-09-29,Charlotte,0.0,272,9,False
2018-09-30,Charlotte,0.0,273,9,False
2018-10-01,Charlotte,0.0,274,10,False
2018-10-02,Charlotte,0.0,275,10,False
2018-10-03,Charlotte,0.0,276,10,False
2018-10-04,Charlotte,0.0,277,10,False
2018-10-05,Charlotte,0.0,278,10,False
2018-10-06,Charlotte,0.0,279,10,False
2018-10-07,Charlotte,0.0,280,10,False
2018-10-08,Charlotte,0.03,281,10,True
2018-10-09,Charlotte,0.11,282,10,True
2018-10-10,Charlotte,0.32,283,10,True
2018-10-11,Charlotte,2.43,284,10,True
2018-10-12,Charlotte,0.0,285,10,False
2018-10-13,Charlotte,0.0,286,10,False
2018-10-14,Charlotte,0.01,287,10,True
2018-10-15,Charlotte,0.0,288,10,False
2018-10-16,Charlotte,0.26,289,10,True
2018-10-17,Charlotte,0.0,290,10,False
2018-10-18,Charlotte,0.0,291,10,False
2018-10-19,Charlotte,0.0,292,10,False
2018-10-20,Charlotte,0.05,293,10,True
2018-10-21,Charlotte,0.0,294,10,False
2018-10-22,Charlotte,0.0,295,10,False
2018-10-23,Charlotte,0.0,296,10,False
2018-10-24,Charlotte,0.0,297,10,False
2018-10-25,Charlotte,0.0,298,10,False
2018-10-26,Charlotte,2.07,299,10,True
2018-10-27,Charlotte,0.0,300,10,False
2018-10-28,Charlotte,0.0,301,10,False
2018-10-29,Charlotte,0.0,302,10,False
2018-10-30,Charlotte,0.0,303,10,False
2018-10-31,Charlotte,0.0,304,10,False
2018-11-01,Charlotte,0.14,305,11,True
2018-11-02,Charlotte,0.35,306,11,True
2018-11-03,Charlotte,0.0,307,11,False
2018-11-04,Charlotte,0.09,308,11,True
2018-11-05,Charlotte,0.27,309,11,True
2018-11-06,Charlotte,0.47,310,11,True
2018-11-07,Charlotte,0.0,311,11,False
2018-11-08,Charlotte,0.05,312,11,True
2018-11-09,Charlotte,0.2,313,11,True
2018-11-10,Charlotte,0.0,314,11,False
2018-11-11,Charlotte,0.0,315,11,False
2018-11-12,Charlotte,1.78,316,11,True
2018-11-13,Charlotte,0.14,317,11,True
2018-11-14,Charlotte,0.18,318,11,True
2018-11-15,Charlotte,1.53,319,11,True
2018-11-16,Charlotte,0.0,320,11,False
2018-11-17,Charlotte,0.0,321,11,False
2018-11-18,Charlotte,0.0,322,11,False
2018-11-19,Charlotte,0.0,323,11,False
2018-11-20,Charlotte,0.0,324,11,False
2018-11-21,Charlotte,0.0,325,11,False
2018-11-22,Charlotte,0.0,326,11,False
2018-11-23,Charlotte,0.04,327,11,True
2018-11-24,Charlotte,0.59,328,11,True
2018-11-25,Charlotte,0.0,329,11,False
2018-11-26,Charlotte,0.04,330,11,True
2018-11-27,Charlotte,0.0,331,11,False
2018-11-28,Charlotte,0.0,332,11,False
2018-11-29,Charlotte,0.0,333,11,False
2018-11-30,Charlotte,0.08,334,11,True
2018-12-01,Charlotte,0.69,335,12,True
2018-12-02,Charlotte,0.07,336,12,True
2018-12-03,Charlotte,0.0,337,12,False
2018-12-04,Charlotte,0.0,338,12,False
2018-12-05,Charlotte,0.0,339,12,False
2018-12-06,Charlotte,0.0,340,12,False
2018-12-07,Charlotte,0.0,341,12,False
2018-12-08,Charlotte,0.37,342,12,True
2018-12-09,Charlotte,1.45,343,12,True
2018-12-10,Charlotte,0.25,344,12,True
2018-12-11,Charlotte,0.0,345,12,False
2018-12-12,Charlotte,0.0,346,12,False
2018-12-13,Charlotte,0.0,347,12,False
2018-12-14,Charlotte,0.78,348,12,True
2018-12-15,Charlotte,0.41,349,12,True
2018-12-16,Charlotte,0.0,350,12,False
2018-12-17,Charlotte,0.0,351,12,False
2018-12-18,Charlotte,0.0,352,12,False
2018-12-19,Charlotte,0.0,353,12,False
2018-12-20,Charlotte,1.61,354,12,True
2018-12-21,Charlotte,0.17,355,12,True
2018-12-22,Charlotte,0.0,356,12,False
2018-12-23,Charlotte,0.0,357,12,False
2018-12-24,Charlotte,0.0,358,12,False
2018-12-25,Charlotte,0.0,359,12,False
2018-12-26,Charlotte,0.0,360,12,False
2018-12-27,Charlotte,0.16,361,12,True
2018-12-28,Charlotte,0.77,362,12,True
2018-12-29,Charlotte,0.0,363,12,False
2018-12-30,Charlotte,0.09,364,12,True
2018-12-31,Charlotte,0.16,365,12,True
2019-01-01,Charlotte,0.01,1,1,True
2019-01-02,Charlotte,0.1,2,1,True
2019-01-03,Charlotte,0.48,3,1,True
2019-01-04,Charlotte,0.87,4,1,True
2019-01-05,Charlotte,0.0,5,1,False
2019-01-06,Charlotte,0.0,6,1,False
2019-01-07,Charlotte,0.0,7,1,False
2019-01-08,Charlotte,0.0,8,1,False
2019-01-09,Charlotte,0.0,9,1,False
2019-01-10,Charlotte,0.0,10,1,False
2019-01-11,Charlotte,0.0,11,1,False
2019-01-12,Charlotte,0.13,12,1,True
2019-01-13,Charlotte,0.69,13,1,True
2019-01-14,Charlotte,0.0,14,1,False
2019-01-15,Charlotte,0.01,15,1,True
2019-01-16,Charlotte,0.0,16,1,False
2019-01-17,Charlotte,0.09,17,1,True
2019-01-18,Charlotte,0.0,18,1,False
2019-01-19,Charlotte,0.85,19,1,True
2019-01-20,Charlotte,0.03,20,1,True
2019-01-21,Charlotte,0.0,21,1,False
2019-01-22,Charlotte,0.0,22,1,False
2019-01-23,Charlotte,0.1,23,1,True
2019-01-24,Charlotte,1.24,24,1,True
2019-01-25,Charlotte,0.0,25,1,False
2019-01-26,Charlotte,0.0,26,1,False
2019-01-27,Charlotte,0.0,27,1,False
2019-01-28,Charlotte,0.0,28,1,False
2019-01-29,Charlotte,0.08,29,1,True
2019-01-30,Charlotte,0.0,30,1,False
2019-01-31,Charlotte,0.0,31,1,False
2019-02-01,Charlotte,0.0,32,2,False
2019-02-02,Charlotte,0.0,33,2,False
2019-02-03,Charlotte,0.0,34,2,False
2019-02-04,Charlotte,0.0,35,2,False
2019-02-05,Charlotte,0.0,36,2,False
2019-02-06,Charlotte,0.0,37,2,False
2019-02-07,Charlotte,0.0,38,2,False
2019-02-08,Charlotte,0.0,39,2,False
2019-02-09,Charlotte,0.0,40,2,False
2019-02-10,Charlotte,0.01,41,2,True
2019-02-11,Charlotte,0.12,42,2,True
2019-02-12,Charlotte,0.59,43,2,True
2019-02-13,Charlotte,0.0,44,2,False
2019-02-14,Charlotte,0.0,45,2,False
2019-02-15,Charlotte,0.0,46,2,False
2019-02-16,Charlotte,0.57,47,2,True
2019-02-17,Charlotte,0.41,48,2,True
2019-02-18,Charlotte,0.1,49,2,True
2019-02-19,Charlotte,0.59,50,2,True
2019-02-20,Charlotte,0.15,51,2,True
2019-02-21,Charlotte,0.88,52,2,True
2019-02-22,Charlotte,1.28,53,2,True
2019-02-23,Charlotte,0.51,54,2,True
2019-02-24,Charlotte,0.15,55,2,True
2019-02-25,Charlotte,0.0,56,2,False
2019-02-26,Charlotte,0.0,57,2,False
2019-02-27,Charlotte,0.01,58,2,True
2019-02-28,Charlotte,0.49,59,2,True
2019-03-01,Charlotte,1.01,60,3,True
2019-03-02,Charlotte,0.0,61,3,False
2019-03-03,Charlotte,0.81,62,3,True
2019-03-04,Charlotte,0.0,63,3,False
2019-03-05,Charlotte,0.0,64,3,False
2019-03-06,Charlotte,0.0,65,3,False
2019-03-07,Charlotte,0.0,66,3,False
2019-03-08,Charlotte,0.5,67,3,True
2019-03-09,Charlotte,0.14,68,3,True
2019-03-10,Charlotte,0.03,69,3,True
2019-03-11,Charlotte,0.0,70,3,False
2019-03-12,Charlotte,0.0,71,3,False
2019-03-13,Charlotte,0.0,72,3,False
2019-03-14,Charlotte,0.0,73,3,False
2019-03-15,Charlotte,0.11,74,3,True
2019-03-16,Charlotte,0.0,75,3,False
2019-03-17,Charlotte,0.0,76,3,False
2019-03-18,Charlotte,0.0,77,3,False
2019-03-19,Charlotte,0.0,78,3,False
2019-03-20,Charlotte,0.05,79,3,True
2019-03-21,Charlotte,0.05,80,3,True
2019-03-22,Charlotte,0.0,81,3,False
2019-03-23,Charlotte,0.0,82,3,False
2019-03-24,Charlotte,0.0,83,3,False
2019-03-25,Charlotte,0.31,84,3,True
2019-03-26,Charlotte,0.0,85,3,False
2019-03-27,Charlotte,0.0,86,3,False
2019-03-28,Charlotte,0.0,87,3,False
2019-03-29,Charlotte,0.0,88,3,False
2019-03-30,Charlotte,0.0,89,3,False
2019-03-31,Charlotte,0.12,90,3,True
2019-04-01,Charlotte,0.0,91,4,False
2019-04-02,Charlotte,0.1,92,4,True
2019-04-03,Charlotte,0.0,93,4,False
2019-04-04,Charlotte,0.0,94,4,False
2019-04-05,Charlotte,1.18,95,4,True
2019-04-06,Charlotte,0.0,96,4,False
2019-04-07,Charlotte,0.01,97,4,True
2019-04-08,Charlotte,1.2,98,4,True
2019-04-09,Charlotte,0.31,99,4,True
2019-04-10,Charlotte,0.0,100,4,False
2019-04-11,Charlotte,0.0,101,4,False
2019-04-12,Charlotte,1.0,102,4,True
2019-04-13,Charlotte,1.28,103,4,True
2019-04-14,Charlotte,0.0,104,4,False
2019-04-15,Charlotte,0.0,105,4,False
2019-04-16,Charlotte,0.0,106,4,False
2019-04-17,Charlotte,0.0,107,4,False
2019-04-18,Charlotte,0.0,108,4,False
2019-04-19,Charlotte,0.15,109,4,True
2019-04-20,Charlotte,0.03,110,4,True
2019-04-21,Charlotte,0.0,111,4,False
2019-04-22,Charlotte,0.0,112,4,False
2019-04-23,Charlotte,0.0,113,4,False
2019-04-24,Charlotte,0.0,114,4,False
2019-04-25,Charlotte,0.0,115,4,False
2019-04-26,Charlotte,0.07,116,4,True
2019-04-27,Charlotte,0.0,117,4,False
2019-04-28,Charlotte,0.0,118,4,False
2019-04-29,Charlotte,0.0,119,4,False
2019-04-30,Charlotte,0.0,120,4,False
2019-05-01,Charlotte,0.0,121,5,False
2019-05-02,Charlotte,0.0,122,5,False
2019-05-03,Charlotte,0.0,123,5,False
2019-05-04,Charlotte,0.68,124,5,True
2019-05-05,Charlotte,0.25,125,5,True
2019-05-06,Charlotte,0.0,126,5,False
2019-05-07,Charlotte,0.0,127,5,False
2019-05-08,Charlotte,0.01,128,5,True
2019-05-09,Charlotte,0.01,129,5,True
2019-05-10,Charlotte,0.39,130,5,True
2019-05-11,Charlotte,1.14,131,5,True
2019-05-12,Charlotte,0.0,132,5,False
2019-05-13,Charlotte,0.0,133,5,False
2019-05-14,Charlotte,0.0,134,5,False
2019-05-15,Charlotte,0.0,135,5,False
2019-05-16,Charlotte,0.0,136,5,False
2019-05-17,Charlotte,0.0,137,5,False
2019-05-18,Charlotte,0.0,138,5,False
2019-05-19,Charlotte,0.0,139,5,False
2019-05-20,Charlotte,0.0,140,5,False
2019-05-21,Charlotte,0.0,141,5,False
2019-05-22,Charlotte,0.0,142,5,False
2019-05-23,Charlotte,0.0,143,5,False
2019-05-24,Charlotte,0.0,144,5,False
2019-05-25,Charlotte,0.0,145,5,False
2019-05-26,Charlotte,0.0,146,5,False
2019-05-27,Charlotte,0.0,147,5,False
2019-05-28,Charlotte,0.0,148,5,False
2019-05-29,Charlotte,0.0,149,5,False
2019-05-30,Charlotte,0.0,150,5,False
2019-05-31,Charlotte,0.0,151,5,False
2019-06-01,Charlotte,0.0,152,6,False
2019-06-02,Charlotte,0.0,153,6,False
2019-06-03,Charlotte,0.0,154,6,False
2019-06-04,Charlotte,0.0,155,6,False
2019-06-05,Charlotte,0.0,156,6,False
2019-06-06,Charlotte,0.0,157,6,False
2019-06-07,Charlotte,1.12,158,6,True
2019-06-08,Charlotte,0.47,159,6,True
2019-06-09,Charlotte,0.53,160,6,True
2019-06-10,Charlotte,0.08,161,6,True
2019-06-11,Charlotte,0.0,162,6,False
2019-06-12,Charlotte,1.26,163,6,True
2019-06-13,Charlotte,0.0,164,6,False
2019-06-14,Charlotte,0.0,165,6,False
2019-06-15,Charlotte,0.0,166,6,False
2019-06-16,Charlotte,0.0,167,6,False
2019-06-17,Charlotte,0.0,168,6,False
2019-06-18,Charlotte,0.02,169,6,True
2019-06-19,Charlotte,0.03,170,6,True
2019-06-20,Charlotte,0.19,171,6,True
2019-06-21,Charlotte,0.0,172,6,False
2019-06-22,Charlotte,0.6,173,6,True
2019-06-23,Charlotte,0.0,174,6,False
2019-06-24,Charlotte,0.23,175,6,True
2019-06-25,Charlotte,0.0,176,6,False
2019-06-26,Charlotte,0.0,177,6,False
2019-06-27,Charlotte,0.15,178,6,True
2019-06-28,Charlotte,1.23,179,6,True
2019-06-29,Charlotte,0.0,180,6,False
2019-06-30,Charlotte,0.03,181,6,True
2019-07-01,Charlotte,0.0,182,7,False
2019-07-02,Charlotte,0.0,183,7,False
2019-07-03,Charlotte,0.0,184,7,False
2019-07-04,Charlotte,0.0,185,7,False
2019-07-05,Charlotte,0.0,186,7,False
2019-07-06,Charlotte,0.0,187,7,False
2019-07-07,Charlotte,0.0,188,7,False
2019-07-08,Charlotte,0.0,189,7,False
2019-07-09,Charlotte,0.0,190,7,False
2019-07-10,Charlotte,0.0,191,7,False
2019-07-11,Charlotte,0.0,192,7,False
2019-07-12,Charlotte,0.37,193,7,True
2019-07-13,Charlotte,0.0,194,7,False
2019-07-14,Charlotte,0.0,195,7,False
2019-07-15,Charlotte,0.0,196,7,False
2019-07-16,Charlotte,0.0,197,7,False
2019-07-17,Charlotte,0.0,198,7,False
2019-07-18,Charlotte,0.12,199,7,True
2019-07-19,Charlotte,2.12,200,7,True
2019-07-20,Charlotte,0.03,201,7,True
2019-07-21,Charlotte,0.0,202,7,False
2019-07-22,Charlotte,0.64,203,7,True
2019-07-23,Charlotte,0.25,204,7,True
2019-07-24,Charlotte,0.0,205,7,False
2019-07-25,Charlotte,0.0,206,7,False
2019-07-26,Charlotte,0.0,207,7,False
2019-07-27,Charlotte,0.0,208,7,False
2019-07-28,Charlotte,0.0,209,7,False
2019-07-29,Charlotte,0.0,210,7,False
2019-07-30,Charlotte,0.0,211,7,False
2019-07-31,Charlotte,0.0,212,7,False
2019-08-01,Charlotte,1.44,213,8,True
2019-08-02,Charlotte,0.17,214,8,True
2019-08-03,Charlotte,0.48,215,8,True
2019-08-04,Charlotte,0.05,216,8,True
2019-08-05,Charlotte,0.0,217,8,False
2019-08-06,Charlotte,0.0,218,8,False
2019-08-07,Charlotte,0.0,219,8,False
2019-08-08,Charlotte,0.0,220,8,False
2019-08-09,Charlotte,0.0,221,8,False
2019-08-10,Charlotte,0.0,222,8,False
2019-08-11,Charlotte,0.0,223,8,False
2019-08-12,Charlotte,0.0,224,8,False
2019-08-13,Charlotte,0.01,225,8,True
2019-08-14,Charlotte,0.78,226,8,True
2019-08-15,Charlotte,0.0,227,8,False
2019-08-16,Charlotte,0.0,228,8,False
2019-08-17,Charlotte,0.91,229,8,True
2019-08-18,Charlotte,0.0,230,8,False
2019-08-19,Charlotte,0.94,231,8,True
2019-08-20,Charlotte,0.44,232,8,True
2019-08-21,Charlotte,0.0,233,8,False
2019-08-22,Charlotte,1.13,234,8,True
2019-08-23,Charlotte,1.78,235,8,True
2019-08-24,Charlotte,0.03,236,8,True
2019-08-25,Charlotte,0.0,237,8,False
2019-08-26,Charlotte,0.0,238,8,False
2019-08-27,Charlotte,0.0,239,8,False
2019-08-28,Charlotte,0.03,240,8,True
2019-08-29,Charlotte,0.0,241,8,False
2019-08-30,Charlotte,0.0,242,8,False
2019-08-31,Charlotte,0.0,243,8,False
2019-09-01,Charlotte,0.0,244,9,False
2019-09-02,Charlotte,0.0,245,9,False
2019-09-03,Charlotte,0.0,246,9,False
2019-09-04,Charlotte,0.0,247,9,False
2019-09-05,Charlotte,0.0,248,9,False
2019-09-06,Charlotte,0.0,249,9,False
2019-09-07,Charlotte,0.0,250,9,False
2019-09-08,Charlotte,0.0,251,9,False
2019-09-09,Charlotte,0.0,252,9,False
2019-09-10,Charlotte,0.0,253,9,False
2019-09-11,Charlotte,0.0,254,9,False
2019-09-12,Charlotte,0.0,255,9,False
2019-09-13,Charlotte,0.19,256,9,True
2019-09-14,Charlotte,0.0,257,9,False
2019-09-15,Charlotte,0.0,258,9,False
2019-09-16,Charlotte,0.0,259,9,False
2019-09-17,Charlotte,0.0,260,9,False
2019-09-18,Charlotte,0.0,261,9,False
2019-09-19,Charlotte,0.0,262,9,False
2019-09-20,Charlotte,0.0,263,9,False
2019-09-21,Charlotte,0.0,264,9,False
2019-09-22,Charlotte,0.0,265,9,False
2019-09-23,Charlotte,0.0,266,9,False
2019-09-24,Charlotte,0.0,267,9,False
2019-09-25,Charlotte,0.0,268,9,False
2019-09-26,Charlotte,0.0,269,9,False
2019-09-27,Charlotte,0.0,270,9,False
2019-09-28,Charlotte,0.0,271,9,False
2019-09-29,Charlotte,0.0,272,9,False
2019-09-30,Charlotte,0.0,273,9,False
2019-10-01,Charlotte,0.0,274,10,False
2019-10-02,Charlotte,0.0,275,10,False
2019-10-03,Charlotte,0.0,276,10,False
2019-10-04,Charlotte,0.0,277,10,False
2019-10-05,Charlotte,0.0,278,10,False
2019-10-06,Charlotte,0.03,279,10,True
2019-10-07,Charlotte,0.0,280,10,False
2019-10-08,Charlotte,0.0,281,10,False
2019-10-09,Charlotte,0.0,282,10,False
2019-10-10,Charlotte,0.0,283,10,False
2019-10-11,Charlotte,0.0,284,10,False
2019-10-12,Charlotte,0.0,285,10,False
2019-10-13,Charlotte,1.05,286,10,True
2019-10-14,Charlotte,0.0,287,10,False
2019-10-15,Charlotte,0.02,288,10,True
2019-10-16,Charlotte,0.63,289,10,True
2019-10-17,Charlotte,0.0,290,10,False
2019-10-18,Charlotte,0.0,291,10,False
2019-10-19,Charlotte,1.05,292,10,True
2019-10-20,Charlotte,0.29,293,10,True
2019-10-21,Charlotte,0.0,294,10,False
2019-10-22,Charlotte,0.57,295,10,True
2019-10-23,Charlotte,0.0,296,10,False
2019-10-24,Charlotte,0.0,297,10,False
2019-10-25,Charlotte,0.0,298,10,False
2019-10-26,Charlotte,0.19,299,10,True
2019-10-27,Charlotte,0.19,300,10,True
2019-10-28,Charlotte,0.0,301,10,False
2019-10-29,Charlotte,0.0,302,10,False
2019-10-30,Charlotte,0.76,303,10,True
2019-10-31,Charlotte,1.22,304,10,True
2019-11-01,Charlotte,0.0,305,11,False
2019-11-02,Charlotte,0.0,306,11,False
2019-11-03,Charlotte,0.0,307,11,False
2019-11-04,Charlotte,0.0,308,11,False
2019-11-05,Charlotte,0.0,309,11,False
2019-11-06,Charlotte,0.0,310,11,False
2019-11-07,Charlotte,0.37,311,11,True
2019-11-08,Charlotte,0.11,312,11,True
2019-11-09,Charlotte,0.0,313,11,False
2019-11-10,Charlotte,0.0,314,11,False
2019-11-11,Charlotte,0.0,315,11,False
2019-11-12,Charlotte,0.71,316,11,True
2019-11-13,Charlotte,0.0,317,11,False
2019-11-14,Charlotte,0.0,318,11,False
2019-11-15,Charlotte,0.1,319,11,True
2019-11-16,Charlotte,0.0,320,11,False
2019-11-17,Charlotte,0.0,321,11,False
2019-11-18,Charlotte,0.21,322,11,True
2019-11-19,Charlotte,0.0,323,11,False
2019-11-20,Charlotte,0.0,324,11,False
2019-11-21,Charlotte,0.0,325,11,False
2019-11-22,Charlotte,0.0,326,11,False
2019-11-23,Charlotte,1.13,327,11,True
2019-11-24,Charlotte,0.0,328,11,False
2019-11-25,Charlotte,0.0,329,11,False
2019-11-26,Charlotte,0.0,330,11,False
2019-11-27,Charlotte,0.13,331,11,True
2019-11-28,Charlotte,0.0,332,11,False
2019-11-29,Charlotte,0.0,333,11,False
2019-11-30,Charlotte,0.62,334,11,True
2019-12-01,Charlotte,0.6,335,12,True
2019-12-02,Charlotte,0.0,336,12,False
2019-12-03,Charlotte,0.0,337,12,False
2019-12-04,Charlotte,0.0,338,12,False
2019-12-05,Charlotte,0.0,339,12,False
2019-12-06,Charlotte,0.01,340,12,True
2019-12-07,Charlotte,0.0,341,12,False
2019-12-08,Charlotte,0.0,342,12,False
2019-12-09,Charlotte,0.01,343,12,True
2019-12-10,Charlotte,0.17,344,12,True
2019-12-11,Charlotte,0.07,345,12,True
2019-12-12,Charlotte,0.0,346,12,False
2019-12-13,Charlotte,1.73,347,12,True
2019-12-14,Charlotte,0.47,348,12,True
2019-12-15,Charlotte,0.0,349,12,False
2019-12-16,Charlotte,0.0,350,12,False
2019-12-17,Charlotte,0.66,351,12,True
2019-12-18,Charlotte,0.0,352,12,False
2019-12-19,Charlotte,0.0,353,12,False
2019-12-20,Charlotte,0.0,354,12,False
2019-12-21,Charlotte,0.0,355,12,False
2019-12-22,Charlotte,0.35,356,12,True
2019-12-23,Charlotte,0.98,357,12,True
2019-12-24,Charlotte,0.0,358,12,False
2019-12-25,Charlotte,0.0,359,12,False
2019-12-26,Charlotte,0.0,360,12,False
2019-12-27,Charlotte,0.0,361,12,False
2019-12-28,Charlotte,0.0,362,12,False
2019-12-29,Charlotte,0.27,363,12,True
2019-12-30,Charlotte,0.0,364,12,False
2019-12-31,Charlotte,0.0,365,12,False
2020-01-01,Charlotte,0.0,1,1,False
2020-01-02,Charlotte,0.38,2,1,True
2020-01-03,Charlotte,0.52,3,1,True
2020-01-04,Charlotte,0.29,4,1,True
2020-01-05,Charlotte,0.0,5,1,False
2020-01-06,Charlotte,0.0,6,1,False
2020-01-07,Charlotte,0.09,7,1,True
2020-01-08,Charlotte,0.0,8,1,False
2020-01-09,Charlotte,0.0,9,1,False
2020-01-10,Charlotte,0.0,10,1,False
2020-01-11,Charlotte,0.56,11,1,True
2020-01-12,Charlotte,0.0,12,1,False
2020-01-13,Charlotte,0.77,13,1,True
2020-01-14,Charlotte,0.32,14,1,True
2020-01-15,Charlotte,0.0,15,1,False
2020-01-16,Charlotte,0.0,16,1,False
2020-01-17,Charlotte,0.0,17,1,False
2020-01-18,Charlotte,0.14,18,1,True
2020-01-19,Charlotte,0.01,19,1,True
2020-01-20,Charlotte,0.0,20,1,False
2020-01-21,Charlotte,0.0,21,1,False
2020-01-22,Charlotte,0.0,22,1,False
2020-01-23,Charlotte,0.0,23,1,False
2020-01-24,Charlotte,1.03,24,1,True
2020-01-25,Charlotte,0.0,25,1,False
2020-01-26,Charlotte,0.0,26,1,False
2020-01-27,Charlotte,0.01,27,1,True
2020-01-28,Charlotte,0.0,28,1,False
2020-01-29,Charlotte,0.0,29,1,False
2020-01-30,Charlotte,0.01,30,1,True
2020-01-31,Charlotte,0.53,31,1,True
2020-02-01,Charlotte,0.01,32,2,True
2020-02-02,Charlotte,0.0,33,2,False
2020-02-03,Charlotte,0.0,34,2,False
2020-02-04,Charlotte,0.0,35,2,False
2020-02-05,Charlotte,0.15,36,2,True
2020-02-06,Charlotte,3.16,37,2,True
2020-02-07,Charlotte,0.06,38,2,True
2020-02-08,Charlotte,0.03,39,2,True
2020-02-09,Charlotte,0.0,40,2,False
2020-02-10,Charlotte,0.03,41,2,True
2020-02-11,Charlotte,0.57,42,2,True
2020-02-12,Charlotte,0.0,43,2,False
2020-02-13,Charlotte,0.45,44,2,True
2020-02-14,Charlotte,0.0,45,2,False
2020-02-15,Charlotte,0.0,46,2,False
2020-02-16,Charlotte,0.0,47,2,False
2020-02-17,Charlotte,0.0,48,2,False
2020-02-18,Charlotte,0.21,49,2,True
2020-02-19,Charlotte,0.15,50,2,True
2020-02-20,Charlotte,0.34,51,2,True
2020-02-21,Charlotte,0.0,52,2,False
2020-02-22,Charlotte,0.0,53,2,False
2020-02-23,Charlotte,0.0,54,2,False
2020-02-24,Charlotte,0.5,55,2,True
2020-02-25,Charlotte,0.24,56,2,True
2020-02-26,Charlotte,0.0,57,2,False
2020-02-27,Charlotte,0.0,58,2,False
2020-02-28,Charlotte,0.01,59,2,True
2020-02-29,Charlotte,0.0,60,2,False
2020-03-01,Charlotte,0.0,61,3,False
2020-03-02,Charlotte,0.0,62,3,False
2020-03-03,Charlotte,0.87,63,3,True
2020-03-04,Charlotte,0.0,64,3,False
2020-03-05,Charlotte,0.1,65,3,True
2020-03-06,Charlotte,0.0,66,3,False
2020-03-07,Charlotte,0.0,67,3,False
2020-03-08,Charlotte,0.0,68,3,False
2020-03-09,Charlotte,0.0,69,3,False
2020-03-10,Charlotte,0.04,70,3,True
2020-03-11,Charlotte,0.0,71,3,False
2020-03-12,Charlotte,0.0,72,3,False
2020-03-13,Charlotte,0.0,73,3,False
2020-03-14,Charlotte,0.01,74,3,True
2020-03-15,Charlotte,0.0,75,3,False
2020-03-16,Charlotte,0.0,76,3,False
2020-03-17,Charlotte,0.45,77,3,True
2020-03-18,Charlotte,0.0,78,3,False
2020-03-19,Charlotte,0.15,79,3,True
2020-03-20,Charlotte,0.0,80,3,False
2020-03-21,Charlotte,0.02,81,3,True
2020-03-22,Charlotte,0.02,82,3,True
2020-03-23,Charlotte,0.39,83,3,True
2020-03-24,Charlotte,0.41,84,3,True
2020-03-25,Charlotte,1.16,85,3,True
2020-03-26,Charlotte,0.0,86,3,False
2020-03-27,Charlotte,0.0,87,3,False
2020-03-28,Charlotte,0.0,88,3,False
2020-03-29,Charlotte,0.0,89,3,False
2020-03-30,Charlotte,0.0,90,3,False
2020-03-31,Charlotte,0.04,91,3,True
2020-04-01,Charlotte,0.0,92,4,False
2020-04-02,Charlotte,0.0,93,4,False
2020-04-03,Charlotte,0.0,94,4,False
2020-04-04,Charlotte,0.0,95,4,False
2020-04-05,Charlotte,0.0,96,4,False
2020-04-06,Charlotte,0.02,97,4,True
2020-04-07,Charlotte,0.0,98,4,False
2020-04-08,Charlotte,0.0,99,4,False
2020-04-09,Charlotte,0.11,100,4,True
2020-04-10,Charlotte,0.0,101,4,False
2020-04-11,Charlotte,0.0,102,4,False
2020-04-12,Charlotte,0.56,103,4,True
2020-04-13,Charlotte,1.47,104,4,True
2020-04-14,Charlotte,0.0,105,4,False
2020-04-15,Charlotte,0.0,106,4,False
2020-04-16,Charlotte,0.0,107,4,False
2020-04-17,Charlotte,0.0,108,4,False
2020-04-18,Charlotte,0.1,109,4,True
2020-04-19,Charlotte,0.05,110,4,True
2020-04-20,Charlotte,1.06,111,4,True
2020-04-21,Charlotte,0.0,112,4,False
2020-04-22,Charlotte,0.0,113,4,False
2020-04-23,Charlotte,0.4,114,4,True
2020-04-24,Charlotte,0.0,115,4,False
2020-04-25,Charlotte,0.91,116,4,True
2020-04-26,Charlotte,0.0,117,4,False
2020-04-27,Charlotte,0.0,118,4,False
2020-04-28,Charlotte,0.0,119,4,False
2020-04-29,Charlotte,0.6,120,4,True
2020-04-30,Charlotte,1.82,121,4,True
2020-05-01,Charlotte,0.0,122,5,False
2020-05-02,Charlotte,0.0,123,5,False
2020-05-03,Charlotte,0.0,124,5,False
2020-05-04,Charlotte,0.0,125,5,False
2020-05-05,Charlotte,0.23,126,5,True
2020-05-06,Charlotte,0.12,127,5,True
2020-05-07,Charlotte,0.0,128,5,False
2020-05-08,Charlotte,0.1,129,5,True
2020-05-09,Charlotte,0.0,130,5,False
2020-05-10,Charlotte,0.0,131,5,False
2020-05-11,Charlotte,0.0,132,5,False
2020-05-12,Charlotte,0.0,133,5,False
2020-05-13,Charlotte,0.02,134,5,True
2020-05-14,Charlotte,0.0,135,5,False
2020-05-15,Charlotte,0.0,136,5,False
2020-05-16,Charlotte,0.0,137,5,False
2020-05-17,Charlotte,0.0,138,5,False
2020-05-18,Charlotte,0.31,139,5,True
2020-05-19,Charlotte,1.32,140,5,True
2020-05-20,Charlotte,1.27,141,5,True
2020-05-21,Charlotte,0.39,142,5,True
2020-05-22,Charlotte,0.7,143,5,True
2020-05-23,Charlotte,0.0,144,5,False
2020-05-24,Charlotte,0.03,145,5,True
2020-05-25,Charlotte,0.0,146,5,False
2020-05-26,Charlotte,0.0,147,5,False
2020-05-27,Charlotte,1.75,148,5,True
2020-05-28,Charlotte,0.03,149,5,True
2020-05-29,Charlotte,0.28,150,5,True
2020-05-30,Charlotte,0.05,151,5,True
2020-05-31,Charlotte,0.0,152,5,False
2020-06-01,Charlotte,0.0,153,6,False
2020-06-02,Charlotte,0.0,154,6,False
2020-06-03,Charlotte,0.0,155,6,False
2020-06-04,Charlotte,0.0,156,6,False
2020-06-05,Charlotte,0.0,157,6,False
2020-06-06,Charlotte,0.0,158,6,False
2020-06-07,Charlotte,0.32,159,6,True
2020-06-08,Charlotte,0.0,160,6,False
2020-06-09,Charlotte,0.34,161,6,True
2020-06-10,Charlotte,0.17,162,6,True
2020-06-11,Charlotte,0.0,163,6,False
2020-06-12,Charlotte,0.0,164,6,False
2020-06-13,Charlotte,0.0,165,6,False
2020-06-14,Charlotte,0.0,166,6,False
2020-06-15,Charlotte,0.01,167,6,True
2020-06-16,Charlotte,0.63,168,6,True
2020-06-17,Charlotte,0.01,169,6,True
2020-06-18,Charlotte,0.03,170,6,True
2020-06-19,Charlotte,0.01,171,6,True
2020-06-20,Charlotte,0.0,172,6,False
2020-06-21,Charlotte,0.0,173,6,False
2020-06-22,Charlotte,0.39,174,6,True
2020-06-23,Charlotte,0.02,175,6,True
2020-06-24,Charlotte,0.0,176,6,False
2020-06-25,Charlotte,0.03,177,6,True
2020-06-26,Charlotte,0.0,178,6,False
2020-06-27,Charlotte,0.0,179,6,False
2020-06-28,Charlotte,0.33,180,6,True
2020-06-29,Charlotte,0.46,181,6,True
2020-06-30,Charlotte,0.06,182,6,True
2020-07-01,Charlotte,0.13,183,7,True
2020-07-02,Charlotte,0.0,184,7,False
2020-07-03,Charlotte,0.0,185,7,False
2020-07-04,Charlotte,0.0,186,7,False
2020-07-05,Charlotte,0.0,187,7,False
2020-07-06,Charlotte,0.03,188,7,True
2020-07-07,Charlotte,0.0,189,7,False
2020-07-08,Charlotte,0.03,190,7,True
2020-07-09,Charlotte,0.0,191,7,False
2020-07-10,Charlotte,0.02,192,7,True
2020-07-11,Charlotte,0.0,193,7,False
2020-07-12,Charlotte,0.0,194,7,False
2020-07-13,Charlotte,0.0,195,7,False
2020-07-14,Charlotte,0.0,196,7,False
2020-07-15,Charlotte,0.04,197,7,True
2020-07-16,Charlotte,0.0,198,7,False
2020-07-17,Charlotte,0.12,199,7,True
2020-07-18,Charlotte,0.21,200,7,True
2020-07-19,Charlotte,0.0,201,7,False
2020-07-20,Charlotte,0.0,202,7,False
2020-07-21,Charlotte,2.03,203,7,True
2020-07-22,Charlotte,0.0,204,7,False
2020-07-23,Charlotte,0.0,205,7,False
2020-07-24,Charlotte,0.03,206,7,True
2020-07-25,Charlotte,0.61,207,7,True
2020-07-26,Charlotte,0.0,208,7,False
2020-07-27,Charlotte,0.0,209,7,False
2020-07-28,Charlotte,0.0,210,7,False
2020-07-29,Charlotte,0.03,211,7,True
2020-07-30,Charlotte,0.01,212,7,True
2020-07-31,Charlotte,0.0,213,7,False
2020-08-01,Charlotte,0.0,214,8,False
2020-08-02,Charlotte,0.0,215,8,False
2020-08-03,Charlotte,0.21,216,8,True
2020-08-04,Charlotte,0.0,217,8,False
2020-08-05,Charlotte,0.0,218,8,False
2020-08-06,Charlotte,0.47,219,8,True
2020-08-07,Charlotte,0.0,220,8,False
2020-08-08,Charlotte,0.0,221,8,False
2020-08-09,Charlotte,0.0,222,8,False
2020-08-10,Charlotte,0.04,223,8,True
2020-08-11,Charlotte,0.0,224,8,False
2020-08-12,Charlotte,0.02,225,8,True
2020-08-13,Charlotte,0.14,226,8,True
2020-08-14,Charlotte,0.25,227,8,True
2020-08-15,Charlotte,0.97,228,8,True
2020-08-16,Charlotte,0.01,229,8,True
2020-08-17,Charlotte,0.16,230,8,True
2020-08-18,Charlotte,0.0,231,8,False
2020-08-19,Charlotte,0.09,232,8,True
2020-08-20,Charlotte,0.0,233,8,False
2020-08-21,Charlotte,0.48,234,8,True
2020-08-22,Charlotte,0.0,235,8,False
2020-08-23,Charlotte,0.07,236,8,True
2020-08-24,Charlotte,0.07,237,8,True
2020-08-25,Charlotte,0.02,238,8,True
2020-08-26,Charlotte,0.0,239,8,False
2020-08-27,Charlotte,0.0,240,8,False
2020-08-28,Charlotte,0.01,241,8,True
2020-08-29,Charlotte,0.15,242,8,True
2020-08-30,Charlotte,0.0,243,8,False
2020-08-31,Charlotte,0.94,244,8,True
2020-09-01,Charlotte,0.23,245,9,True
2020-09-02,Charlotte,0.5,246,9,True
2020-09-03,Charlotte,0.0,247,9,False
2020-09-04,Charlotte,0.0,248,9,False
2020-09-05,Charlotte,0.0,249,9,False
2020-09-06,Charlotte,0.0,250,9,False
2020-09-07,Charlotte,0.0,251,9,False
2020-09-08,Charlotte,0.0,252,9,False
2020-09-09,Charlotte,0.1,253,9,True
2020-09-10,Charlotte,0.0,254,9,False
2020-09-11,Charlotte,0.0,255,9,False
2020-09-12,Charlotte,0.0,256,9,False
2020-09-13,Charlotte,0.0,257,9,False
2020-09-14,Charlotte,0.0,258,9,False
2020-09-15,Charlotte,0.0,259,9,False
2020-09-16,Charlotte,0.02,260,9,True
2020-09-17,Charlotte,1.86,261,9,True
2020-09-18,Charlotte,0.0,262,9,False
2020-09-19,Charlotte,0.0,263,9,False
2020-09-20,Charlotte,0.0,264,9,False
2020-09-21,Charlotte,0.0,265,9,False
2020-09-22,Charlotte,0.0,266,9,False
2020-09-23,Charlotte,0.0,267,9,False
2020-09-24,Charlotte,0.2,268,9,True
2020-09-25,Charlotte,1.26,269,9,True
2020-09-26,Charlotte,0.0,270,9,False
2020-09-27,Charlotte,0.0,271,9,False
2020-09-28,Charlotte,0.0,272,9,False
2020-09-29,Charlotte,0.29,273,9,True
2020-09-30,Charlotte,0.0,274,9,False
2020-10-01,Charlotte,0.0,275,10,False
2020-10-02,Charlotte,0.0,276,10,False
2020-10-03,Charlotte,0.0,277,10,False
2020-10-04,Charlotte,0.0,278,10,False
2020-10-05,Charlotte,0.0,279,10,False
2020-10-06,Charlotte,0.0,280,10,False
2020-10-07,Charlotte,0.0,281,10,False
2020-10-08,Charlotte,0.0,282,10,False
2020-10-09,Charlotte,0.01,283,10,True
2020-10-10,Charlotte,1.37,284,10,True
2020-10-11,Charlotte,2.91,285,10,True
2020-10-12,Charlotte,0.06,286,10,True
2020-10-13,Charlotte,0.0,287,10,False
2020-10-14,Charlotte,0.0,288,10,False
2020-10-15,Charlotte,0.01,289,10,True
2020-10-16,Charlotte,0.0,290,10,False
2020-10-17,Charlotte,0.0,291,10,False
2020-10-18,Charlotte,0.0,292,10,False
2020-10-19,Charlotte,0.0,293,10,False
2020-10-20,Charlotte,0.0,294,10,False
2020-10-21,Charlotte,0.0,295,10,False
2020-10-22,Charlotte,0.0,296,10,False
2020-10-23,Charlotte,0.0,297,10,False
2020-10-24,Charlotte,0.0,298,10,False
2020-10-25,Charlotte,0.38,299,10,True
2020-10-26,Charlotte,0.0,300,10,False
2020-10-27,Charlotte,0.0,301,10,False
2020-10-28,Charlotte,0.34,302,10,True
2020-10-29,Charlotte,1.48,303,10,True
2020-10-30,Charlotte,0.0,304,10,False
2020-10-31,Charlotte,0.0,305,10,False
2020-11-01,Charlotte,0.4,306,11,True
2020-11-02,Charlotte,0.0,307,11,False
2020-11-03,Charlotte,0.0,308,11,False
2020-11-04,Charlotte,0.0,309,11,False
2020-11-05,Charlotte,0.0,310,11,False
2020-11-06,Charlotte,0.0,311,11,False
2020-11-07,Charlotte,0.0,312,11,False
2020-11-08,Charlotte,0.0,313,11,False
2020-11-09,Charlotte,0.0,314,11,False
2020-11-10,Charlotte,0.0,315,11,False
2020-11-11,Charlotte,0.38,316,11,True
2020-11-12,Charlotte,4.62,317,11,True
2020-11-13,Charlotte,0.0,318,11,False
2020-11-14,Charlotte,0.0,319,11,False
2020-11-15,Charlotte,0.0,320,11,False
2020-11-16,Charlotte,0.0,321,11,False
2020-11-17,Charlotte,0.0,322,11,False
2020-11-18,Charlotte,0.0,323,11,False
2020-11-19,Charlotte,0.0,324,11,False
2020-11-20,Charlotte,0.0,325,11,False
2020-11-21,Charlotte,0.0,326,11,False
2020-11-22,Charlotte,0.0,327,11,False
2020-11-23,Charlotte,0.0,328,11,False
2020-11-24,Charlotte,0.0,329,11,False
2020-11-25,Charlotte,0.0,330,11,False
2020-11-26,Charlotte,0.03,331,11,True
2020-11-27,Charlotte,0.0,332,11,False
2020-11-28,Charlotte,0.02,333,11,True
2020-11-29,Charlotte,0.54,334,11,True
2020-11-30,Charlotte,0.68,335,11,True
2020-12-01,Charlotte,0.0,336,12,False
2020-12-02,Charlotte,0.0,337,12,False
2020-12-03,Charlotte,0.0,338,12,False
2020-12-04,Charlotte,0.6,339,12,True
2020-12-05,Charlotte,0.01,340,12,True
2020-12-06,Charlotte,0.0,341,12,False
2020-12-07,Charlotte,0.0,342,12,False
2020-12-08,Charlotte,0.0,343,12,False
2020-12-09,Charlotte,0.0,344,12,False
2020-12-10,Charlotte,0.0,345,12,False
2020-12-11,Charlotte,0.0,346,12,False
2020-12-12,Charlotte,0.0,347,12,False
2020-12-13,Charlotte,0.0,348,12,False
2020-12-14,Charlotte,0.49,349,12,True
2020-12-15,Charlotte,0.0,350,12,False
2020-12-16,Charlotte,0.72,351,12,True
2020-12-17,Charlotte,0.0,352,12,False
2020-12-18,Charlotte,0.0,353,12,False
2020-12-19,Charlotte,0.0,354,12,False
2020-12-20,Charlotte,0.38,355,12,True
2020-12-21,Charlotte,0.0,356,12,False
2020-12-22,Charlotte,0.0,357,12,False
2020-12-23,Charlotte,0.0,358,12,False
2020-12-24,Charlotte,0.72,359,12,True
2020-12-25,Charlotte,0.0,360,12,False
2020-12-26,Charlotte,0.0,361,12,False
2020-12-27,Charlotte,0.0,362,12,False
2020-12-28,Charlotte,0.0,363,12,False
2020-12-29,Charlotte,0.0,364,12,False
2020-12-30,Charlotte,0.0,365,12,False
2020-12-31,Charlotte,0.06,366,12,True
2021-01-01,Charlotte,0.64,1,1,True
2021-01-02,Charlotte,0.05,2,1,True
2021-01-03,Charlotte,0.04,3,1,True
2021-01-04,Charlotte,0.0,4,1,False
2021-01-05,Charlotte,0.02,5,1,True
2021-01-06,Charlotte,0.0,6,1,False
2021-01-07,Charlotte,0.22,7,1,True
2021-01-08,Charlotte,0.51,8,1,True
2021-01-09,Charlotte,0.0,9,1,False
2021-01-10,Charlotte,0.0,10,1,False
2021-01-11,Charlotte,0.11,11,1,True
2021-01-12,Charlotte,0.05,12,1,True
2021-01-13,Charlotte,0.0,13,1,False
2021-01-14,Charlotte,0.0,14,1,False
2021-01-15,Charlotte,0.03,15,1,True
2021-01-16,Charlotte,0.0,16,1,False
2021-01-17,Charlotte,0.0,17,1,False
2021-01-18,Charlotte,0.0,18,1,False
2021-01-19,Charlotte,0.0,19,1,False
2021-01-20,Charlotte,0.0,20,1,False
2021-01-21,Charlotte,0.0,21,1,False
2021-01-22,Charlotte,0.0,22,1,False
2021-01-23,Charlotte,0.0,23,1,False
2021-01-24,Charlotte,0.0,24,1,False
2021-01-25,Charlotte,0.31,25,1,True
2021-01-26,Charlotte,0.75,26,1,True
2021-01-27,Charlotte,0.53,27,1,True
2021-01-28,Charlotte,0.03,28,1,True
2021-01-29,Charlotte,0.0,29,1,False
2021-01-30,Charlotte,0.01,30,1,True
2021-01-31,Charlotte,0.73,31,1,True
2021-02-01,Charlotte,0.01,32,2,True
2021-02-02,Charlotte,0.0,33,2,False
2021-02-03,Charlotte,0.0,34,2,False
2021-02-04,Charlotte,0.0,35,2,False
2021-02-05,Charlotte,0.09,36,2,True
2021-02-06,Charlotte,0.49,37,2,True
2021-02-07,Charlotte,0.19,38,2,True
2021-02-08,Charlotte,0.0,39,2,False
2021-02-09,Charlotte,0.0,40,2,False
2021-02-10,Charlotte,0.0,41,2,False
2021-02-11,Charlotte,0.45,42,2,True
2021-02-12,Charlotte,0.07,43,2,True
2021-02-13,Charlotte,0.67,44,2,True
2021-02-14,Charlotte,0.31,45,2,True
2021-02-15,Charlotte,0.82,46,2,True
2021-02-16,Charlotte,0.03,47,2,True
2021-02-17,Charlotte,0.0,48,2,False
2021-02-18,Charlotte,0.6,49,2,True
2021-02-19,Charlotte,0.45,50,2,True
2021-02-20,Charlotte,0.0,51,2,False
2021-02-21,Charlotte,0.0,52,2,False
2021-02-22,Charlotte,0.43,53,2,True
2021-02-23,Charlotte,0.0,54,2,False
2021-02-24,Charlotte,0.0,55,2,False
2021-02-25,Charlotte,0.0,56,2,False
2021-02-26,Charlotte,0.52,57,2,True
2021-02-27,Charlotte,0.03,58,2,True
2021-02-28,Charlotte,0.0,59,2,False
2021-03-01,Charlotte,0.19,60,3,True
2021-03-02,Charlotte,0.0,61,3,False
2021-03-03,Charlotte,0.0,62,3,False
2021-03-04,Charlotte,0.0,63,3,False
2021-03-05,Charlotte,0.0,64,3,False
2021-03-06,Charlotte,0.0,65,3,False
2021-03-07,Charlotte,0.0,66,3,False
2021-03-08,Charlotte,0.0,67,3,False
2021-03-09,Charlotte,0.0,68,3,False
2021-03-10,Charlotte,0.0,69,3,False
2021-03-11,Charlotte,0.0,70,3,False
2021-03-12,Charlotte,0.0,71,3,False
2021-03-13,Charlotte,0.0,72,3,False
2021-03-14,Charlotte,0.0,73,3,False
2021-03-15,Charlotte,0.0,74,3,False
2021-03-16,Charlotte,1.33,75,3,True
2021-03-17,Charlotte,0.03,76,3,True
2021-03-18,Charlotte,0.25,77,3,True
2021-03-19,Charlotte,0.08,78,3,True
2021-03-20,Charlotte,0.0,79,3,False
2021-03-21,Charlotte,0.0,80,3,False
2021-03-22,Charlotte,0.0,81,3,False
2021-03-23,Charlotte,0.0,82,3,False
2021-03-24,Charlotte,0.0,83,3,False
2021-03-25,Charlotte,1.51,84,3,True
2021-03-26,Charlotte,0.15,85,3,True
2021-03-27,Charlotte,0.0,86,3,False
2021-03-28,Charlotte,0.4,87,3,True
2021-03-29,Charlotte,0.0,88,3,False
2021-03-30,Charlotte,0.0,89,3,False
2021-03-31,Charlotte,0.48,90,3,True
2021-04-01,Charlotte,0.0,91,4,False
2021-04-02,Charlotte,0.0,92,4,False
2021-04-03,Charlotte,0.0,93,4,False
2021-04-04,Charlotte,0.0,94,4,False
2021-04-05,Charlotte,0.0,95,4,False
2021-04-06,Charlotte,0.0,96,4,False
2021-04-07,Charlotte,0.0,97,4,False
2021-04-08,Charlotte,0.0,98,4,False
2021-04-09,Charlotte,0.01,99,4,True
2021-04-10,Charlotte,0.4,100,4,True
2021-04-11,Charlotte,0.0,101,4,False
2021-04-12,Charlotte,0.0,102,4,False
2021-04-13,Charlotte,0.0,103,4,False
2021-04-14,Charlotte,0.0,104,4,False
2021-04-15,Charlotte,0.0,105,4,False
2021-04-16,Charlotte,0.0,106,4,False
2021-04-17,Charlotte,0.0,107,4,False
2021-04-18,Charlotte,0.0,108,4,False
2021-04-19,Charlotte,0.0,109,4,False
2021-04-20,Charlotte,0.0,110,4,False
2021-04-21,Charlotte,0.0,111,4,False
2021-04-22,Charlotte,0.0,112,4,False
2021-04-23,Charlotte,0.0,113,4,False
2021-04-24,Charlotte,1.11,114,4,True
2021-04-25,Charlotte,0.01,115,4,True
2021-04-26,Charlotte,0.0,116,4,False
2021-04-27,Charlotte,0.0,117,4,False
2021-04-28,Charlotte,0.0,118,4,False
2021-04-29,Charlotte,0.0,119,4,False
2021-04-30,Charlotte,0.0,120,4,False
2021-05-01,Charlotte,0.0,121,5,False
2021-05-02,Charlotte,0.0,122,5,False
2021-05-03,Charlotte,0.46,123,5,True
2021-05-04,Charlotte,0.37,124,5,True
2021-05-05,Charlotte,0.0,125,5,False
2021-05-06,Charlotte,0.0,126,5,False
2021-05-07,Charlotte,0.1,127,5,True
2021-05-08,Charlotte,0.0,128,5,False
2021-05-09,Charlotte,0.07,129,5,True
2021-05-10,Charlotte,0.35,130,5,True
2021-05-11,Charlotte,0.0,131,5,False
2021-05-12,Charlotte,0.29,132,5,True
2021-05-13,Charlotte,0.0,133,5,False
2021-05-14,Charlotte,0.0,134,5,False
2021-05-15,Charlotte,0.0,135,5,False
2021-05-16,Charlotte,0.0,136,5,False
2021-05-17,Charlotte,0.0,137,5,False
2021-05-18,Charlotte,0.0,138,5,False
2021-05-19,Charlotte,0.0,139,5,False
2021-05-20,Charlotte,0.0,140,5,False
2021-05-21,Charlotte,0.0,141,5,False
2021-05-22,Charlotte,0.0,142,5,False
2021-05-23,Charlotte,0.0,143,5,False
2021-05-24,Charlotte,0.0,144,5,False
2021-05-25,Charlotte,0.0,145,5,False
2021-05-26,Charlotte,0.02,146,5,True
2021-05-27,Charlotte,0.0,147,5,False
2021-05-28,Charlotte,0.14,148,5,True
2021-05-29,Charlotte,0.01,149,5,True
2021-05-30,Charlotte,0.0,150,5,False
2021-05-31,Charlotte,0.0,151,5,False
2021-06-01,Charlotte,0.0,152,6,False
2021-06-02,Charlotte,0.0,153,6,False
2021-06-03,Charlotte,0.03,154,6,True
2021-06-04,Charlotte,0.28,155,6,True
2021-06-05,Charlotte,0.07,156,6,True
2021-06-06,Charlotte,0.38,157,6,True
2021-06-07,Charlotte,1.7,158,6,True
2021-06-08,Charlotte,0.0,159,6,False
2021-06-09,Charlotte,0.0,160,6,False
2021-06-10,Charlotte,0.0,161,6,False
2021-06-11,Charlotte,0.0,162,6,False
2021-06-12,Charlotte,0.64,163,6,True
2021-06-13,Charlotte,0.0,164,6,False
2021-06-14,Charlotte,0.0,165,6,False
2021-06-15,Charlotte,0.0,166,6,False
2021-06-16,Charlotte,0.0,167,6,False
2021-06-17,Charlotte,0.0,168,6,False
2021-06-18,Charlotte,0.0,169,6,False
2021-06-19,Charlotte,0.0,170,6,False
2021-06-20,Charlotte,0.58,171,6,True
2021-06-21,Charlotte,0.0,172,6,False
2021-06-22,Charlotte,0.06,173,6,True
2021-06-23,Charlotte,0.0,174,6,False
2021-06-24,Charlotte,0.0,175,6,False
2021-06-25,Charlotte,0.0,176,6,False
2021-06-26,Charlotte,0.0,177,6,False
2021-06-27,Charlotte,0.0,178,6,False
2021-06-28,Charlotte,0.0,179,6,False
2021-06-29,Charlotte,0.0,180,6,False
2021-06-30,Charlotte,0.0,181,6,False
2021-07-01,Charlotte,0.0,182,7,False
2021-07-02,Charlotte,0.28,183,7,True
2021-07-03,Charlotte,0.0,184,7,False
2021-07-04,Charlotte,0.0,185,7,False
2021-07-05,Charlotte,0.0,186,7,False
2021-07-06,Charlotte,0.0,187,7,False
2021-07-07,Charlotte,0.01,188,7,True
2021-07-08,Charlotte,0.33,189,7,True
2021-07-09,Charlotte,0.31,190,7,True
2021-07-10,Charlotte,0.0,191,7,False
2021-07-11,Charlotte,0.02,192,7,True
2021-07-12,Charlotte,0.34,193,7,True
2021-07-13,Charlotte,0.0,194,7,False
2021-07-14,Charlotte,0.4,195,7,True
2021-07-15,Charlotte,0.0,196,7,False
2021-07-16,Charlotte,0.0,197,7,False
2021-07-17,Charlotte,0.0,198,7,False
2021-07-18,Charlotte,0.35,199,7,True
2021-07-19,Charlotte,0.35,200,7,True
2021-07-20,Charlotte,0.0,201,7,False
2021-07-21,Charlotte,0.0,202,7,False
2021-07-22,Charlotte,0.0,203,7,False
2021-07-23,Charlotte,0.0,204,7,False
2021-07-24,Charlotte,0.0,205,7,False
2021-07-25,Charlotte,0.03,206,7,True
2021-07-26,Charlotte,2.35,207,7,True
2021-07-27,Charlotte,0.15,208,7,True
2021-07-28,Charlotte,0.0,209,7,False
2021-07-29,Charlotte,0.0,210,7,False
2021-07-30,Charlotte,0.0,211,7,False
2021-07-31,Charlotte,0.0,212,7,False
2021-08-01,Charlotte,0.01,213,8,True
2021-08-02,Charlotte,0.0,214,8,False
2021-08-03,Charlotte,0.15,215,8,True
2021-08-04,Charlotte,0.0,216,8,False
2021-08-05,Charlotte,0.0,217,8,False
2021-08-06,Charlotte,0.02,218,8,True
2021-08-07,Charlotte,0.07,219,8,True
2021-08-08,Charlotte,0.0,220,8,False
2021-08-09,Charlotte,0.0,221,8,False
2021-08-10,Charlotte,0.0,222,8,False
2021-08-11,Charlotte,0.05,223,8,True
2021-08-12,Charlotte,0.0,224,8,False
2021-08-13,Charlotte,1.21,225,8,True
2021-08-14,Charlotte,0.18,226,8,True
2021-08-15,Charlotte,0.12,227,8,True
2021-08-16,Charlotte,0.11,228,8,True
2021-08-17,Charlotte,0.48,229,8,True
2021-08-18,Charlotte,0.0,230,8,False
2021-08-19,Charlotte,0.1,231,8,True
2021-08-20,Charlotte,0.0,232,8,False
2021-08-21,Charlotte,0.0,233,8,False
2021-08-22,Charlotte,0.21,234,8,True
2021-08-23,Charlotte,0.0,235,8,False
2021-08-24,Charlotte,0.0,236,8,False
2021-08-25,Charlotte,0.0,237,8,False
2021-08-26,Charlotte,0.0,238,8,False
2021-08-27,Charlotte,0.0,239,8,False
2021-08-28,Charlotte,0.0,240,8,False
2021-08-29,Charlotte,0.0,241,8,False
2021-08-30,Charlotte,0.0,242,8,False
2021-08-31,Charlotte,0.31,243,8,True
2021-09-01,Charlotte,1.77,244,9,True
2021-09-02,Charlotte,0.0,245,9,False
2021-09-03,Charlotte,0.0,246,9,False
2021-09-04,Charlotte,0.0,247,9,False
2021-09-05,Charlotte,0.0,248,9,False
2021-09-06,Charlotte,0.01,249,9,True
2021-09-07,Charlotte,0.0,250,9,False
2021-09-08,Charlotte,0.08,251,9,True
2021-09-09,Charlotte,0.0,252,9,False
2021-09-10,Charlotte,0.0,253,9,False
2021-09-11,Charlotte,0.0,254,9,False
2021-09-12,Charlotte,0.0,255,9,False
2021-09-13,Charlotte,0.0,256,9,False
2021-09-14,Charlotte,0.0,257,9,False
2021-09-15,Charlotte,0.02,258,9,True
2021-09-16,Charlotte,0.12,259,9,True
2021-09-17,Charlotte,0.0,260,9,False
2021-09-18,Charlotte,0.0,261,9,False
2021-09-19,Charlotte,0.0,262,9,False
2021-09-20,Charlotte,0.03,263,9,True
2021-09-21,Charlotte,0.18,264,9,True
2021-09-22,Charlotte,0.56,265,9,True
2021-09-23,Charlotte,0.0,266,9,False
2021-09-24,Charlotte,0.0,267,9,False
2021-09-25,Charlotte,0.0,268,9,False
2021-09-26,Charlotte,0.0,269,9,False
2021-09-27,Charlotte,0.0,270,9,False
2021-09-28,Charlotte,0.0,271,9,False
2021-09-29,Charlotte,0.0,272,9,False
2021-09-30,Charlotte,0.0,273,9,False
2021-10-01,Charlotte,0.0,274,10,False
2021-10-02,Charlotte,0.0,275,10,False
2021-10-03,Charlotte,0.0,276,10,False
2021-10-04,Charlotte,0.0,277,10,False
2021-10-05,Charlotte,0.0,278,10,False
2021-10-06,Charlotte,0.52,279,10,True
2021-10-07,Charlotte,0.02,280,10,True
2021-10-08,Charlotte,0.13,281,10,True
2021-10-09,Charlotte,0.0,282,10,False
2021-10-10,Charlotte,0.0,283,10,False
2021-10-11,Charlotte,0.0,284,10,False
2021-10-12,Charlotte,0.0,285,10,False
2021-10-13,Charlotte,0.0,286,10,False
2021-10-14,Charlotte,0.0,287,10,False
2021-10-15,Charlotte,0.0,288,10,False
2021-10-16,Charlotte,0.0,289,10,False
2021-10-17,Charlotte,0.0,290,10,False
2021-10-18,Charlotte,0.0,291,10,False
2021-10-19,Charlotte,0.0,292,10,False
2021-10-20,Charlotte,0.0,293,10,False
2021-10-21,Charlotte,0.0,294,10,False
2021-10-22,Charlotte,0.07,295,10,True
2021-10-23,Charlotte,0.0,296,10,False
2021-10-24,Charlotte,0.0,297,10,False
2021-10-25,Charlotte,0.0,298,10,False
2021-10-26,Charlotte,0.0,299,10,False
2021-10-27,Charlotte,0.0,300,10,False
2021-10-28,Charlotte,0.4,301,10,True
2021-10-29,Charlotte,0.01,302,10,True
2021-10-30,Charlotte,0.0,303,10,False
2021-10-31,Charlotte,0.0,304,10,False
2021-11-01,Charlotte,0.0,305,11,False
2021-11-02,Charlotte,0.0,306,11,False
2021-11-03,Charlotte,0.01,307,11,True
2021-11-04,Charlotte,0.13,308,11,True
2021-11-05,Charlotte,0.0,309,11,False
2021-11-06,Charlotte,0.0,310,11,False
2021-11-07,Charlotte,0.0,311,11,False
2021-11-08,Charlotte,0.0,312,11,False
2021-11-09,Charlotte,0.0,313,11,False
2021-11-10,Charlotte,0.0,314,11,False
2021-11-11,Charlotte,0.12,315,11,True
2021-11-12,Charlotte,0.43,316,11,True
2021-11-13,Charlotte,0.0,317,11,False
2021-11-14,Charlotte,0.0,318,11,False
2021-11-15,Charlotte,0.0,319,11,False
2021-11-16,Charlotte,0.0,320,11,False
2021-11-17,Charlotte,0.0,321,11,False
2021-11-18,Charlotte,0.0,322,11,False
2021-11-19,Charlotte,0.0,323,11,False
2021-11-20,Charlotte,0.0,324,11,False
2021-11-21,Charlotte,0.0,325,11,False
2021-11-22,Charlotte,0.24,326,11,True
2021-11-23,Charlotte,0.0,327,11,False
2021-11-24,Charlotte,0.0,328,11,False
2021-11-25,Charlotte,0.0,329,11,False
2021-11-26,Charlotte,0.05,330,11,True
2021-11-27,Charlotte,0.0,331,11,False
2021-11-28,Charlotte,0.0,332,11,False
2021-11-29,Charlotte,0.0,333,11,False
2021-11-30,Charlotte,0.0,334,11,False
2021-12-01,Charlotte,0.0,335,12,False
2021-12-02,Charlotte,0.0,336,12,False
2021-12-03,Charlotte,0.0,337,12,False
2021-12-04,Charlotte,0.0,338,12,False
2021-12-05,Charlotte,0.0,339,12,False
2021-12-06,Charlotte,0.0,340,12,False
2021-12-07,Charlotte,0.0,341,12,False
2021-12-08,Charlotte,0.5,342,12,True
2021-12-09,Charlotte,0.0,343,12,False
2021-12-10,Charlotte,0.03,344,12,True
2021-12-11,Charlotte,0.44,345,12,True
2021-12-12,Charlotte,0.0,346,12,False
2021-12-13,Charlotte,0.0,347,12,False
2021-12-14,Charlotte,0.0,348,12,False
2021-12-15,Charlotte,0.0,349,12,False
2021-12-16,Charlotte,0.0,350,12,False
2021-12-17,Charlotte,0.0,351,12,False
2021-12-18,Charlotte,0.43,352,12,True
2021-12-19,Charlotte,0.49,353,12,True
2021-12-20,Charlotte,0.0,354,12,False
2021-12-21,Charlotte,0.0,355,12,False
2021-12-22,Charlotte,0.0,356,12,False
2021-12-23,Charlotte,0.0,357,12,False
2021-12-24,Charlotte,0.0,358,12,False
2021-12-25,Charlotte,0.0,359,12,False
2021-12-26,Charlotte,0.0,360,12,False
2021-12-27,Charlotte,0.0,361,12,False
2021-12-28,Charlotte,0.0,362,12,False
2021-12-29,Charlotte,0.12,363,12,True
2021-12-30,Charlotte,0.13,364,12,True
2021-12-31,Charlotte,0.0,365,12,False
2022-01-01,Charlotte,0.13,1,1,True
2022-01-02,Charlotte,0.5,2,1,True
2022-01-03,Charlotte,1.79,3,1,True
2022-01-04,Charlotte,0.0,4,1,False
2022-01-05,Charlotte,0.0,5,1,False
2022-01-06,Charlotte,0.0,6,1,False
2022-01-07,Charlotte,0.0,7,1,False
2022-01-08,Charlotte,0.0,8,1,False
2022-01-09,Charlotte,0.37,9,1,True
2022-01-10,Charlotte,0.0,10,1,False
2022-01-11,Charlotte,0.0,11,1,False
2022-01-12,Charlotte,0.0,12,1,False
2022-01-13,Charlotte,0.0,13,1,False
2022-01-14,Charlotte,0.0,14,1,False
2022-01-15,Charlotte,0.0,15,1,False
2022-01-16,Charlotte,0.98,16,1,True
2022-01-17,Charlotte,0.0,17,1,False
2022-01-18,Charlotte,0.0,18,1,False
2022-01-19,Charlotte,0.0,19,1,False
2022-01-20,Charlotte,0.18,20,1,True
2022-01-21,Charlotte,0.15,21,1,True
2022-01-22,Charlotte,0.0,22,1,False
2022-01-23,Charlotte,0.0,23,1,False
2022-01-24,Charlotte,0.0,24,1,False
2022-01-25,Charlotte,0.0,25,1,False
2022-01-26,Charlotte,0.0,26,1,False
2022-01-27,Charlotte,0.0,27,1,False
2022-01-28,Charlotte,0.05,28,1,True
2022-01-29,Charlotte,0.01,29,1,True
2022-01-30,Charlotte,0.0,30,1,False
2022-01-31,Charlotte,0.0,31,1,False
2022-02-01,Charlotte,0.0,32,2,False
2022-02-02,Charlotte,0.0,33,2,False
2022-02-03,Charlotte,0.24,34,2,True
2022-02-04,Charlotte,0.43,35,2,True
2022-02-05,Charlotte,0.0,36,2,False
2022-02-06,Charlotte,0.0,37,2,False
2022-02-07,Charlotte,0.46,38,2,True
2022-02-08,Charlotte,0.0,39,2,False
2022-02-09,Charlotte,0.0,40,2,False
2022-02-10,Charlotte,0.0,41,2,False
2022-02-11,Charlotte,0.0,42,2,False
2022-02-12,Charlotte,0.0,43,2,False
2022-02-13,Charlotte,0.0,44,2,False
2022-02-14,Charlotte,0.0,45,2,False
2022-02-15,Charlotte,0.0,46,2,False
2022-02-16,Charlotte,0.0,47,2,False
2022-02-17,Charlotte,0.0,48,2,False
2022-02-18,Charlotte,0.53,49,2,True
2022-02-19,Charlotte,0.0,50,2,False
2022-02-20,Charlotte,0.0,51,2,False
2022-02-21,Charlotte,0.0,52,2,False
2022-02-22,Charlotte,0.0,53,2,False
2022-02-23,Charlotte,0.53,54,2,True
2022-02-24,Charlotte,0.0,55,2,False
2022-02-25,Charlotte,0.0,56,2,False
2022-02-26,Charlotte,0.01,57,2,True
2022-02-27,Charlotte,0.45,58,2,True
2022-02-28,Charlotte,0.0,59,2,False
2022-03-01,Charlotte,0.0,60,3,False
2022-03-02,Charlotte,0.0,61,3,False
2022-03-03,Charlotte,0.0,62,3,False
2022-03-04,Charlotte,0.0,63,3,False
2022-03-05,Charlotte,0.0,64,3,False
2022-03-06,Charlotte,0.0,65,3,False
2022-03-07,Charlotte,0.23,66,3,True
2022-03-08,Charlotte,1.31,67,3,True
2022-03-09,Charlotte,1.12,68,3,True
2022-03-10,Charlotte,0.0,69,3,False
2022-03-11,Charlotte,0.07,70,3,True
2022-03-12,Charlotte,1.17,71,3,True
2022-03-13,Charlotte,0.0,72,3,False
2022-03-14,Charlotte,0.0,73,3,False
2022-03-15,Charlotte,0.0,74,3,False
2022-03-16,Charlotte,0.8,75,3,True
2022-03-17,Charlotte,0.0,76,3,False
2022-03-18,Charlotte,0.0,77,3,False
2022-03-19,Charlotte,0.05,78,3,True
2022-03-20,Charlotte,0.0,79,3,False
2022-03-21,Charlotte,0.0,80,3,False
2022-03-22,Charlotte,0.0,81,3,False
2022-03-23,Charlotte,0.21,82,3,True
2022-03-24,Charlotte,0.0,83,3,False
2022-03-25,Charlotte,0.0,84,3,False
2022-03-26,Charlotte,0.0,85,3,False
2022-03-27,Charlotte,0.0,86,3,False
2022-03-28,Charlotte,0.0,87,3,False
2022-03-29,Charlotte,0.0,88,3,False
2022-03-30,Charlotte,0.0,89,3,False
2022-03-31,Charlotte,1.09,90,3,True
2022-04-01,Charlotte,0.0,91,4,False
2022-04-02,Charlotte,0.0,92,4,False
2022-04-03,Charlotte,0.0,93,4,False
2022-04-04,Charlotte,0.0,94,4,False
2022-04-05,Charlotte,1.46,95,4,True
2022-04-06,Charlotte,0.0,96,4,False
2022-04-07,Charlotte,0.1,97,4,True
2022-04-08,Charlotte,0.0,98,4,False
2022-04-09,Charlotte,0.0,99,4,False
2022-04-10,Charlotte,0.0,100,4,False
2022-04-11,Charlotte,0.0,101,4,False
2022-04-12,Charlotte,0.0,102,4,False
2022-04-13,Charlotte,0.0,103,4,False
2022-04-14,Charlotte,0.0,104,4,False
2022-04-15,Charlotte,0.0,105,4,False
2022-04-16,Charlotte,0.0,106,4,False
2022-04-17,Charlotte,0.03,107,4,True
2022-04-18,Charlotte,1.74,108,4,True
2022-04-19,Charlotte,0.0,109,4,False
2022-04-20,Charlotte,0.0,110,4,False
2022-04-21,Charlotte,0.0,111,4,False
2022-04-22,Charlotte,0.0,112,4,False
2022-04-23,Charlotte,0.0,113,4,False
2022-04-24,Charlotte,0.0,114,4,False
2022-04-25,Charlotte,0.0,115,4,False
2022-04-26,Charlotte,0.0,116,4,False
2022-04-27,Charlotte,0.0,117,4,False
2022-04-28,Charlotte,0.0,118,4,False
2022-04-29,Charlotte,0.0,119,4,False
2022-04-30,Charlotte,0.0,120,4,False
2022-05-01,Charlotte,0.0,121,5,False
2022-05-02,Charlotte,0.0,122,5,False
2022-05-03,Charlotte,0.08,123,5,True
2022-05-04,Charlotte,0.9,124,5,True
2022-05-05,Charlotte,0.0,125,5,False
2022-05-06,Charlotte,0.05,126,5,True
2022-05-07,Charlotte,0.01,127,5,True
2022-05-08,Charlotte,0.0,128,5,False
2022-05-09,Charlotte,0.0,129,5,False
2022-05-10,Charlotte,0.0,130,5,False
2022-05-11,Charlotte,0.0,131,5,False
2022-05-12,Charlotte,0.03,132,5,True
2022-05-13,Charlotte,0.05,133,5,True
2022-05-14,Charlotte,0.0,134,5,False
2022-05-15,Charlotte,0.0,135,5,False
2022-05-16,Charlotte,0.0,136,5,False
2022-05-17,Charlotte,0.0,137,5,False
2022-05-18,Charlotte,0.0,138,5,False
2022-05-19,Charlotte,0.0,139,5,False
2022-05-20,Charlotte,0.0,140,5,False
2022-05-21,Charlotte,0.27,141,5,True
2022-05-22,Charlotte,0.32,142,5,True
2022-05-23,Charlotte,0.62,143,5,True
2022-05-24,Charlotte,0.02,144,5,True
2022-05-25,Charlotte,0.0,145,5,False
2022-05-26,Charlotte,0.15,146,5,True
2022-05-27,Charlotte,0.41,147,5,True
2022-05-28,Charlotte,0.0,148,5,False
2022-05-29,Charlotte,0.0,149,5,False
2022-05-30,Charlotte,0.0,150,5,False
2022-05-31,Charlotte,0.0,151,5,False
2022-06-01,Charlotte,0.0,152,6,False
2022-06-02,Charlotte,0.0,153,6,False
2022-06-03,Charlotte,0.26,154,6,True
2022-06-04,Charlotte,0.0,155,6,False
2022-06-05,Charlotte,0.0,156,6,False
2022-06-06,Charlotte,0.0,157,6,False
2022-06-07,Charlotte,0.0,158,6,False
2022-06-08,Charlotte,0.0,159,6,False
2022-06-09,Charlotte,0.01,160,6,True
2022-06-10,Charlotte,0.0,161,6,False
2022-06-11,Charlotte,0.0,162,6,False
2022-06-12,Charlotte,0.0,163,6,False
2022-06-13,Charlotte,0.0,164,6,False
2022-06-14,Charlotte,0.46,165,6,True
2022-06-15,Charlotte,0.0,166,6,False
2022-06-16,Charlotte,0.05,167,6,True
2022-06-17,Charlotte,0.0,168,6,False
2022-06-18,Charlotte,0.0,169,6,False
2022-06-19,Charlotte,0.0,170,6,False
2022-06-20,Charlotte,0.0,171,6,False
2022-06-21,Charlotte,0.0,172,6,False
2022-06-22,Charlotte,0.0,173,6,False
2022-06-23,Charlotte,0.0,174,6,False
2022-06-24,Charlotte,0.0,175,6,False
2022-06-25,Charlotte,0.0,176,6,False
2022-06-26,Charlotte,0.0,177,6,False
2022-06-27,Charlotte,0.31,178,6,True
2022-06-28,Charlotte,0.0,179,6,False
2022-06-29,Charlotte,0.08,180,6,True
2022-06-30,Charlotte,0.0,181,6,False
2022-07-01,Charlotte,0.07,182,7,True
2022-07-02,Charlotte,0.0,183,7,False
2022-07-03,Charlotte,0.01,184,7,True
2022-07-04,Charlotte,0.01,185,7,True
2022-07-05,Charlotte,0.28,186,7,True
2022-07-06,Charlotte,0.03,187,7,True
2022-07-07,Charlotte,0.0,188,7,False
2022-07-08,Charlotte,0.16,189,7,True
2022-07-09,Charlotte,0.35,190,7,True
2022-07-10,Charlotte,0.29,191,7,True
2022-07-11,Charlotte,0.0,192,7,False
2022-07-12,Charlotte,0.0,193,7,False
2022-07-13,Charlotte,0.72,194,7,True
2022-07-14,Charlotte,0.0,195,7,False
2022-07-15,Charlotte,0.0,196,7,False
2022-07-16,Charlotte,0.65,197,7,True
2022-07-17,Charlotte,0.0,198,7,False
2022-07-18,Charlotte,0.01,199,7,True
2022-07-19,Charlotte,0.14,200,7,True
2022-07-20,Charlotte,0.21,201,7,True
2022-07-21,Charlotte,0.0,202,7,False
2022-07-22,Charlotte,0.0,203,7,False
2022-07-23,Charlotte,0.0,204,7,False
2022-07-24,Charlotte,0.0,205,7,False
2022-07-25,Charlotte,0.17,206,7,True
2022-07-26,Charlotte,0.01,207,7,True
2022-07-27,Charlotte,0.0,208,7,False
2022-07-28,Charlotte,0.67,209,7,True
2022-07-29,Charlotte,0.0,210,7,False
2022-07-30,Charlotte,1.6,211,7,True
2022-07-31,Charlotte,0.13,212,7,True
2022-08-01,Charlotte,0.0,213,8,False
2022-08-02,Charlotte,0.0,214,8,False
2022-08-03,Charlotte,0.0,215,8,False
2022-08-04,Charlotte,0.62,216,8,True
2022-08-05,Charlotte,0.0,217,8,False
2022-08-06,Charlotte,0.16,218,8,True
2022-08-07,Charlotte,0.0,219,8,False
2022-08-08,Charlotte,0.0,220,8,False
2022-08-09,Charlotte,0.0,221,8,False
2022-08-10,Charlotte,0.0,222,8,False
2022-08-11,Charlotte,0.05,223,8,True
2022-08-12,Charlotte,1.19,224,8,True
2022-08-13,Charlotte,0.0,225,8,False
2022-08-14,Charlotte,0.0,226,8,False
2022-08-15,Charlotte,0.1,227,8,True
2022-08-16,Charlotte,0.02,228,8,True
2022-08-17,Charlotte,0.0,229,8,False
2022-08-18,Charlotte,0.0,230,8,False
2022-08-19,Charlotte,0.0,231,8,False
2022-08-20,Charlotte,0.0,232,8,False
2022-08-21,Charlotte,0.18,233,8,True
2022-08-22,Charlotte,0.0,234,8,False
2022-08-23,Charlotte,0.0,235,8,False
2022-08-24,Charlotte,0.0,236,8,False
2022-08-25,Charlotte,0.0,237,8,False
2022-08-26,Charlotte,0.0,238,8,False
2022-08-27,Charlotte,0.0,239,8,False
2022-08-28,Charlotte,0.03,240,8,True
2022-08-29,Charlotte,0.0,241,8,False
2022-08-30,Charlotte,0.26,242,8,True
2022-08-31,Charlotte,0.0,243,8,False
2022-09-01,Charlotte,0.0,244,9,False
2022-09-02,Charlotte,0.0,245,9,False
2022-09-03,Charlotte,0.0,246,9,False
2022-09-04,Charlotte,0.11,247,9,True
2022-09-05,Charlotte,0.65,248,9,True
2022-09-06,Charlotte,0.01,249,9,True
2022-09-07,Charlotte,0.0,250,9,False
2022-09-08,Charlotte,0.0,251,9,False
2022-09-09,Charlotte,0.0,252,9,False
2022-09-10,Charlotte,1.24,253,9,True
2022-09-11,Charlotte,0.03,254,9,True
2022-09-12,Charlotte,0.3,255,9,True
2022-09-13,Charlotte,0.0,256,9,False
2022-09-14,Charlotte,0.0,257,9,False
2022-09-15,Charlotte,0.0,258,9,False
2022-09-16,Charlotte,0.0,259,9,False
2022-09-17,Charlotte,0.0,260,9,False
2022-09-18,Charlotte,0.0,261,9,False
2022-09-19,Charlotte,0.0,262,9,False
2022-09-20,Charlotte,0.0,263,9,False
2022-09-21,Charlotte,0.0,264,9,False
2022-09-22,Charlotte,0.0,265,9,False
2022-09-23,Charlotte,0.0,266,9,False
2022-09-24,Charlotte,0.0,267,9,False
2022-09-25,Charlotte,0.0,268,9,False
2022-09-26,Charlotte,0.0,269,9,False
2022-09-27,Charlotte,0.0,270,9,False
2022-09-28,Charlotte,0.0,271,9,False
2022-09-29,Charlotte,0.0,272,9,False
2022-09-30,Charlotte,2.54,273,9,True
2022-10-01,Charlotte,0.14,274,10,True
2022-10-02,Charlotte,0.0,275,10,False
2022-10-03,Charlotte,0.0,276,10,False
2022-10-04,Charlotte,0.0,277,10,False
2022-10-05,Charlotte,0.0,278,10,False
2022-10-06,Charlotte,0.0,279,10,False
2022-10-07,Charlotte,0.0,280,10,False
2022-10-08,Charlotte,0.0,281,10,False
2022-10-09,Charlotte,0.0,282,10,False
2022-10-10,Charlotte,0.0,283,10,False
2022-10-11,Charlotte,0.0,284,10,False
2022-10-12,Charlotte,0.11,285,10,True
2022-10-13,Charlotte,0.0,286,10,False
2022-10-14,Charlotte,0.0,287,10,False
2022-10-15,Charlotte,0.0,288,10,False
2022-10-16,Charlotte,0.0,289,10,False
2022-10-17,Charlotte,0.0,290,10,False
2022-10-18,Charlotte,0.0,291,10,False
2022-10-19,Charlotte,0.0,292,10,False
2022-10-20,Charlotte,0.0,293,10,False
2022-10-21,Charlotte,0.0,294,10,False
2022-10-22,Charlotte,0.0,295,10,False
2022-10-23,Charlotte,0.0,296,10,False
2022-10-24,Charlotte,0.0,297,10,False
2022-10-25,Charlotte,0.0,298,10,False
2022-10-26,Charlotte,0.13,299,10,True
2022-10-27,Charlotte,0.0,300,10,False
2022-10-28,Charlotte,0.0,301,10,False
2022-10-29,Charlotte,0.0,302,10,False
2022-10-30,Charlotte,0.08,303,10,True
2022-10-31,Charlotte,0.25,304,10,True
2022-11-01,Charlotte,0.0,305,11,False
2022-11-02,Charlotte,0.0,306,11,False
2022-11-03,Charlotte,0.0,307,11,False
2022-11-04,Charlotte,0.0,308,11,False
2022-11-05,Charlotte,0.47,309,11,True
2022-11-06,Charlotte,0.93,310,11,True
2022-11-07,Charlotte,0.0,311,11,False
2022-11-08,Charlotte,0.0,312,11,False
2022-11-09,Charlotte,0.0,313,11,False
2022-11-10,Charlotte,0.22,314,11,True
2022-11-11,Charlotte,0.54,315,11,True
2022-11-12,Charlotte,0.0,316,11,False
2022-11-13,Charlotte,0.0,317,11,False
2022-11-14,Charlotte,0.0,318,11,False
2022-11-15,Charlotte,0.35,319,11,True
2022-11-16,Charlotte,0.0,320,11,False
2022-11-17,Charlotte,0.0,321,11,False
2022-11-18,Charlotte,0.0,322,11,False
2022-11-19,Charlotte,0.0,323,11,False
2022-11-20,Charlotte,0.0,324,11,False
2022-11-21,Charlotte,0.0,325,11,False
2022-11-22,Charlotte,0.0,326,11,False
2022-11-23,Charlotte,0.0,327,11,False
2022-11-24,Charlotte,0.03,328,11,True
2022-11-25,Charlotte,0.59,329,11,True
2022-11-26,Charlotte,0.0,330,11,False
2022-11-27,Charlotte,1.36,331,11,True
2022-11-28,Charlotte,0.0,332,11,False
2022-11-29,Charlotte,0.0,333,11,False
2022-11-30,Charlotte,1.33,334,11,True
2022-12-01,Charlotte,0.0,335,12,False
2022-12-02,Charlotte,0.0,336,12,False
2022-12-03,Charlotte,0.07,337,12,True
2022-12-04,Charlotte,0.0,338,12,False
2022-12-05,Charlotte,0.02,339,12,True
2022-12-06,Charlotte,0.17,340,12,True
2022-12-07,Charlotte,0.06,341,12,True
2022-12-08,Charlotte,0.22,342,12,True
2022-12-09,Charlotte,0.23,343,12,True
2022-12-10,Charlotte,0.0,344,12,False
2022-12-11,Charlotte,0.0,345,12,False
2022-12-12,Charlotte,0.0,346,12,False
2022-12-13,Charlotte,0.0,347,12,False
2022-12-14,Charlotte,0.49,348,12,True
2022-12-15,Charlotte,1.09,349,12,True
2022-12-16,Charlotte,0.0,350,12,False
2022-12-17,Charlotte,0.0,351,12,False
2022-12-18,Charlotte,0.0,352,12,False
2022-12-19,Charlotte,0.0,353,12,False
2022-12-20,Charlotte,0.0,354,12,False
2022-12-21,Charlotte,0.13,355,12,True
2022-12-22,Charlotte,1.71,356,12,True
2022-12-23,Charlotte,0.01,357,12,True
2022-12-24,Charlotte,0.0,358,12,False
2022-12-25,Charlotte,0.0,359,12,False
2022-12-26,Charlotte,0.0,360,12,False
2022-12-27,Charlotte,0.0,361,12,False
2022-12-28,Charlotte,0.0,362,12,False
2022-12-29,Charlotte,0.0,363,12,False
2022-12-30,Charlotte,0.0,364,12,False
2022-12-31,Charlotte,0.36,365,12,True
